run,epoch,Original,Hybrid,ROOT,ROOT_single
0,0,0.8466809860001376,1.8938045599988982,1.3417836560001888,0.8589767550001852
0,1,0.1411281840009906,0.025424165998629178,0.025124363999566413,0.03211159700003918
0,2,0.14759108200087212,0.024465177999445586,0.025059831999897142,0.027072536999185104
0,3,0.15340117599953373,0.023932658999910927,0.024919789999330533,0.035471596998831956
0,4,0.13490460399953008,0.02382587900137878,0.02910319399961736,0.027570230000492302
0,5,0.11817947300005471,0.022695609000948025,0.02713092699923436,0.02516518999982509
0,6,0.14827972400053113,0.022357314999680966,0.025211427000613185,0.030598758999985876
0,7,0.14720939600010752,0.02423031700163847,0.022845159999633324,0.025825258000622853
0,8,0.1310608969997702,0.022463504001279944,0.022616309999648365,0.02434375000120781
0,9,0.14988346099926275,0.02201505300035933,0.022536701999342768,0.02289231800023117
0,10,0.133110509999824,0.02228107200062368,0.0223876720010594,0.023023083000225597
0,11,0.14437072300097498,0.022390157000700128,0.02218166599959659,0.02258853900093527
0,12,0.11722277999979269,0.021938189000138664,0.023635321000256226,0.023192581000330392
0,13,0.13933609400010027,0.020911854000587482,0.024816515999191324,0.026119079000636702
0,14,0.15359437799997977,0.022131441000965424,0.02576962300008745,0.024875786999473348
0,15,0.15667795999979717,0.02271250100056932,0.03007127099954232,0.032266295998852
0,16,0.16380345100151317,0.02194999099992856,0.023194014000182506,0.031099929999982123
0,17,0.14308101499955228,0.02403309700093814,0.02390406599988637,0.033694474999720114
0,18,0.1285002649983653,0.021767559001091286,0.025942436999685015,0.04423999000027834
0,19,0.12709955900027126,0.022196574000190594,0.025360096000440535,0.033078829999794834
0,20,0.14077061399984814,0.021114093000505818,0.03006384599939338,0.02920423500108882
0,21,0.13211869000042498,0.022202796000783565,0.027291016000162927,0.024482939999870723
0,22,0.1495234360008908,0.02197466799952963,0.02375581699925533,0.025803567999901134
0,23,0.1374998000010237,0.022324663999825134,0.02269542999965779,0.023939272001371137
0,24,0.1151194759986538,0.02233578500090516,0.024401509001108934,0.024589781000031508
0,25,0.12082466299943917,0.02267218500128365,0.023182042001280934,0.023340268000538344
0,26,0.12835902999904647,0.02248363199942105,0.022895242998856702,0.023397456001475803
0,27,0.13921027800097363,0.021556894998866483,0.024679288999323035,0.023045436000757036
0,28,0.12289127900112362,0.022179111001605634,0.03373279599873058,0.02383291099977214
0,29,0.16129438600000867,0.02222554800027865,0.03060571300011361,0.02229794300001231
0,30,0.1258085690005828,0.022054918001231272,0.02201793899985205,0.022289548000117065
0,31,0.12554198799989535,0.021440064998387243,0.023496231000535772,0.023069730999850435
0,32,0.16002193099848228,0.021791533999930834,0.02329122599985567,0.024091847999443416
0,33,0.1302858129984088,0.021169067000300856,0.023156694000135758,0.02299818699975731
0,34,0.13695989799998642,0.021782035999422078,0.02267705499980366,0.02321202799976163
0,35,0.1370173649993376,0.02196725399880961,0.022819010000603157,0.02334242299912148
0,36,0.13435173699872394,0.022047675000067102,0.022664762000204064,0.022849778999443515
0,37,0.12354249000054551,0.02255862299898581,0.02326691099915479,0.022033938999811653
0,38,0.14214376800009632,0.022574341999643366,0.023107270999389584,0.022835851999843726
0,39,0.15715753999938897,0.02239841200025694,0.022304105001239805,0.022181606000231113
0,40,0.14579935199981264,0.022196693998921546,0.02374416600105178,0.02226973100005125
0,41,0.1520884349993139,0.021456676000525476,0.022776741001507617,0.022182857999723637
0,42,0.15473478700005217,0.021124001999851316,0.022230526999919675,0.022597344999667257
0,43,0.13527464700018754,0.020812127000681357,0.02212225399853196,0.02788192399930267
0,44,0.12172765700051968,0.023128640999857453,0.02238857399970584,0.022430090999478125
1,0,0.810073986000134,0.7270127820011112,0.7628489430007903,0.7221707629996672
1,1,0.1368627160009055,0.02449583499947039,0.026027316998806782,0.024999409999509226
1,2,0.13872817300034512,0.02400206899983459,0.026405184999021003,0.02344573600021249
1,3,0.1273988900011318,0.02500979999967967,0.026178230000368785,0.03129886200076726
1,4,0.12343930600036401,0.024219436998464516,0.025740368999322527,0.02878252399932535
1,5,0.12210175799918943,0.022529869000209146,0.02352039600009448,0.024193518000174663
1,6,0.1096689560017694,0.021431318999020732,0.02315521099990292,0.02250010299940186
1,7,0.12790377599958447,0.022129708000647952,0.023220273998958874,0.021755625999503536
1,8,0.13410671800011187,0.02175032700142765,0.02303613799995219,0.021679192999727093
1,9,0.1400413560004381,0.022458494999227696,0.02378040300027351,0.021525254000152927
1,10,0.14091754899891384,0.022485986999527086,0.026145808998990105,0.022670623000522028
1,11,0.15984900600051333,0.022378063998985454,0.02569716700054414,0.02399049800078501
1,12,0.14465801200094575,0.022248090999710257,0.0244677419996151,0.023172622999481973
1,13,0.14126558099997055,0.021655358001225977,0.023261860998900374,0.03782183499970415
1,14,0.1479741209986969,0.022200130000783247,0.025256191000153194,0.02797262499916542
1,15,0.1486562789996242,0.02197661100035475,0.023645810999369132,0.027502291999553563
1,16,0.12271545800103922,0.02223780100030126,0.02355866700054321,0.025324950000140234
1,17,0.15184486799989827,0.022975394000241067,0.022599500000069384,0.02631247200042708
1,18,0.1314601459998812,0.02184519399997953,0.023276358000657638,0.0258935769998061
1,19,0.12392508700031613,0.02270589900035702,0.023441237000952242,0.029384482999375905
1,20,0.14696835500035377,0.02094753200071864,0.02289851000023191,0.024025864999202895
1,21,0.13653462100046454,0.021066965000500204,0.02412661299968022,0.02457262899952184
1,22,0.13659263900080987,0.02157899499979976,0.02415410499997961,0.023592961999383988
1,23,0.15762476499912736,0.02103910299956624,0.023213771000882844,0.023059601000568364
1,24,0.17053718699935416,0.022705577999659,0.02392045600026904,0.021766126001239172
1,25,0.15240543900108605,0.02265943099882861,0.023222637999424478,0.02146424000056868
1,26,0.15987641799983976,0.021715070999562158,0.02261245299996517,0.022490405001008185
1,27,0.15328145199964638,0.022601111999392742,0.022830310999779613,0.022626830001172493
1,28,0.14133641400076158,0.029752903999906266,0.023161803999755648,0.022465779000413022
1,29,0.1309724009988713,0.032348951001040405,0.022985702998994384,0.022287464000328328
1,30,0.17152322600122716,0.022612273998674937,0.023185498001112137,0.0221529720001854
1,31,0.14157272699958412,0.022525479998876108,0.023611717000676435,0.02308546000131173
1,32,0.14849870299985923,0.021678492999853916,0.025029115000506863,0.024002238998946268
1,33,0.14625995599999442,0.021866404998945654,0.023390632999507943,0.02295412399871566
1,34,0.15836227900035738,0.021263833999910275,0.02283489100045699,0.022651946999758366
1,35,0.1471348159993795,0.02187700399917958,0.022384746000170708,0.021428533000289463
1,36,0.13628581400007533,0.023284784001589287,0.024459537000439013,0.021352862000640016
1,37,0.1459614560008049,0.021917530000791885,0.023454001999198226,0.021009928001149092
1,38,0.13691152700084785,0.03404224699988845,0.02453396700002486,0.022310336998998537
1,39,0.14133439999932307,0.026965455999743426,0.022953773999688565,0.022806836999734514
1,40,0.13626472400028433,0.027562055000089458,0.02332264500000747,0.02300715300043521
1,41,0.14046525099911378,0.025739366999914637,0.02374627900098858,0.023343494000073406
1,42,0.1354098920000979,0.023716794999927515,0.022153412999614375,0.024935348999861162
1,43,0.1502874170000723,0.02263853200020094,0.023141314999520546,0.021800780999910785
1,44,0.15281747200060636,0.025873689000945888,0.023700574000031338,0.024230557999544544
2,0,0.8180007490009302,0.8042604189995473,0.7662779429992952,0.7702508629990916
2,1,0.12988770700030727,0.031273194999812404,0.02519733000008273,0.024376430999836884
2,2,0.11290041499887593,0.028139497999291052,0.024596483999630436,0.02366344500114792
2,3,0.15008863500042935,0.028275213000597432,0.024628584000311093,0.024048295999818947
2,4,0.12572780700065778,0.027442640999652212,0.024501335001332336,0.02340287500010163
2,5,0.12307184699966456,0.027897193000171683,0.02246636999916518,0.022426774999985355
2,6,0.11494579999998678,0.024838016001012875,0.023278571999981068,0.025441810001211707
2,7,0.1185654170003545,0.024460247999741114,0.022130739998829085,0.021845455001312075
2,8,0.14163754799847084,0.02571009200073604,0.023530966000180342,0.021625533001497388
2,9,0.10923078500127303,0.03096580800047377,0.023220623999804957,0.023031889999401756
2,10,0.1218593729990971,0.025023124000654207,0.021737973000199418,0.022072572000979562
2,11,0.13127800399888656,0.024490334999427432,0.021534252000492415,0.022681071999613778
2,12,0.12842519500009075,0.023612087999936193,0.021658104000380263,0.022184150999237318
2,13,0.1276399019989185,0.022893361001479207,0.023851195999668562,0.021954600000754
2,14,0.13757522199921368,0.021841137000592425,0.024286191999635776,0.021644858999934513
2,15,0.14719179299936513,0.022622252001383458,0.027006373000403983,0.022533485000167275
2,16,0.12562071700085653,0.022418029000618844,0.023489628001698293,0.023344294999333215
2,17,0.11650386200017238,0.0231768909998209,0.02331952900021861,0.022779957000238937
2,18,0.10885185400002229,0.02495339300003252,0.02274633500019263,0.02200972399987222
2,19,0.11042495299989241,0.03379613499964762,0.022948182999243727,0.021350758001062786
2,20,0.14090920300077414,0.0223529269987921,0.02216543500071566,0.022462072000053013
2,21,0.14760925599875918,0.02325858499898459,0.022095925000030547,0.022552931999598513
2,22,0.14962269099851255,0.023003004998827237,0.021837018999576685,0.021674102999895695
2,23,0.13575258399941958,0.02271092800037877,0.021049913000751985,0.022222612000405206
2,24,0.14096840499951213,0.023002965001069242,0.022005826000167872,0.022912697000720073
2,25,0.14705260200025805,0.022405555999284843,0.022176135000336217,0.022065897999709705
2,26,0.13653649400112045,0.02245674100049655,0.022466149001047597,0.022540479001690983
2,27,0.15233941599944956,0.022309605999907944,0.021342422000088845,0.023776515999998082
2,28,0.1574400389999937,0.022189569999682135,0.021904346000155783,0.022140007000416517
2,29,0.1473030020006263,0.022250915999393328,0.021327934999135323,0.021748082001067814
2,30,0.16229961099998036,0.022304767000605352,0.022400656000172603,0.021813325000039185
2,31,0.15985076000106346,0.023988864000784815,0.022126191999632283,0.021588542998870253
2,32,0.15628562399979273,0.022134277000077418,0.022567097999854013,0.02223126799981401
2,33,0.14521134000096936,0.02210518200081424,0.021745457999713835,0.021799289001137367
2,34,0.1691645739992964,0.02228740400096285,0.02237180200063449,0.02168117700057337
2,35,0.14577762199951394,0.021791443999973126,0.022109250001449254,0.020838157000980573
2,36,0.14596722699934617,0.02255509600036021,0.020915871999022784,0.021778219001134858
2,37,0.14046557100118662,0.021721783999964828,0.02136015500036592,0.02330487200015341
2,38,0.12169715900017763,0.02293840399943292,0.02313161699930788,0.022756784999728552
2,39,0.14414593199944647,0.029289013000379782,0.022405915999115678,0.022141680999993696
2,40,0.13392217199907464,0.024747146999288816,0.020871348000582657,0.02179488999900059
2,41,0.1364545910000743,0.03395200799968734,0.021354043999963324,0.02195965900136798
2,42,0.13841208099984215,0.02491605300019728,0.021117309001056128,0.02220514999862644
2,43,0.15971883299971523,0.02516631199978292,0.021277980999002466,0.02235946899963892
2,44,0.13477097299983143,0.024496625999745447,0.02249860000119952,0.02177302000018244
3,0,0.8231586510009947,0.7839342129991564,0.7343777540008887,0.7636135970005853
3,1,0.1414423429996532,0.026670232000469696,0.024833408000631607,0.02624392400139186
3,2,0.14181745600035356,0.039605710000614636,0.02496483499999158,0.026202745999398758
3,3,0.12571162700078276,0.02697793900006218,0.027762189998611575,0.025745177999851876
3,4,0.13606846699985908,0.02940593300081673,0.024955857999884756,0.027679195000018808
3,5,0.1273882310015324,0.030042517000765656,0.02259998000045016,0.024707102000320447
3,6,0.13777128900073876,0.03076383899860957,0.022252136999668437,0.023295774999496643
3,7,0.13371005399858404,0.027531788000487722,0.02259676399989985,0.022683657000015955
3,8,0.12106568600029277,0.032630309000523994,0.022031423999578692,0.022416625999539974
3,9,0.14315431199975137,0.031758183000420104,0.022408901000744663,0.02292563000082737
3,10,0.13100675599889655,0.03157051199923444,0.023897793000287493,0.024617171999125276
3,11,0.13491580500158307,0.03289657800087298,0.022513017000164837,0.023098335001122905
3,12,0.13119428700156277,0.025919154000803246,0.0223567639986868,0.02264596600070945
3,13,0.11686255399945367,0.024577778998718713,0.02326021799854061,0.022116153000752092
3,14,0.11939553299998806,0.026241778999974485,0.02307620400097221,0.023252113000125973
3,15,0.1270515489995887,0.02799369499916793,0.022260642999754054,0.02259629300169763
3,16,0.14240168100150186,0.02530252799988375,0.023060354000335792,0.022571907000383362
3,17,0.15818002699961653,0.02602868999929342,0.023022752999168006,0.02326321399959852
3,18,0.11107831899971643,0.030475338999167434,0.023606167000252753,0.022095903999797883
3,19,0.13058724800066557,0.027700995000486728,0.022630055998888565,0.022289226999419043
3,20,0.12612286799958383,0.03640910499962047,0.025711405000038212,0.02276270500078681
3,21,0.13063190300090355,0.03295693099971686,0.027420759999586153,0.02154393999990134
3,22,0.1480615439995745,0.024416666999968584,0.02382879400101956,0.023766386999341194
3,23,0.11903931599954376,0.023622316999535542,0.02501240399942617,0.02254997700038075
3,24,0.12205615199854947,0.023033793000649894,0.03736845499952324,0.022311138000077335
3,25,0.12841861199922278,0.023275387000467163,0.0275223399985407,0.021408847000202513
3,26,0.14255084099931992,0.026024953000160167,0.026214577999780886,0.02213362500151561
3,27,0.12499339999885706,0.022241458000280545,0.030395308998777182,0.02180352700088406
3,28,0.12891175699951418,0.023006831999737187,0.02754017500046757,0.021581470000455738
3,29,0.1229969069991057,0.023307567000301788,0.027910558999792556,0.0214975630005938
3,30,0.13305329300055746,0.035481745999277337,0.026198236999334767,0.02320530499855522
3,31,0.1281168669993349,0.027745989998948062,0.024793122000119183,0.02315581199945882
3,32,0.1472585089995846,0.023411060999933397,0.024733069998546853,0.022278286998698604
3,33,0.11736743100118474,0.02483223600029305,0.024007620000702445,0.022962279999774182
3,34,0.12889864200042211,0.022728901998561923,0.023775814999680733,0.022948033001739532
3,35,0.13056986599985976,0.023208450998936314,0.023496181000155048,0.021889027000725036
3,36,0.13200976600091963,0.022554244000275503,0.023889557998700184,0.021932258001470473
3,37,0.12983831400015333,0.024116544000207796,0.024368506999962847,0.022293976000582916
3,38,0.13581212499957473,0.0227013599997008,0.024021286000788677,0.021871835000638384
3,39,0.14880293399983202,0.022619897001277423,0.02590972700090788,0.02340880599876982
3,40,0.1322087289991032,0.02380991899917717,0.02325217399993562,0.022118577000583173
3,41,0.12972931999865978,0.021648995998475584,0.02379096299955563,0.022092929000791628
3,42,0.1350315519994183,0.02314194599966868,0.023512411000410793,0.022637671001575654
3,43,0.14267990400003328,0.022405675999834784,0.024404323001363082,0.0221402080005646
3,44,0.12304241200035904,0.021607628999845474,0.02395406899995578,0.0220769890001975
4,0,0.8350613689999591,0.7464323380008864,0.771206395000263,0.7618040340003063
4,1,0.11424266199901467,0.024565566000092076,0.03236749600000621,0.026255635999405058
4,2,0.11010029400131316,0.02332095200108597,0.029073498999423464,0.025100258000748
4,3,0.11408385399954568,0.023353503000180353,0.030668319999676896,0.025507733000267763
4,4,0.11926683300043806,0.023407533999488805,0.03398602200104506,0.025666380000984645
4,5,0.129057140000441,0.023122139999031788,0.0277700749993528,0.02425563399992825
4,6,0.13813937899976736,0.021795923001263873,0.030006269000296015,0.0224911860004795
4,7,0.11772943999858398,0.02205932599827065,0.027707789000487537,0.0225778989988612
4,8,0.1310822769992228,0.022298485000646906,0.026837256000362686,0.02296828100043058
4,9,0.1179543210000702,0.021846266001375625,0.025144190998616978,0.023101321001377073
4,10,0.10988775599980727,0.022778343998652417,0.023899567999251303,0.02270376500018756
4,11,0.11725889700028347,0.02232130800075538,0.023874600001363433,0.024572297999839066
4,12,0.12068829799864034,0.022213855001609772,0.024796679001156008,0.023611727001480176
4,13,0.10103573800006416,0.021849683000255027,0.024216742000135127,0.023693220000495785
4,14,0.12584074900041742,0.025468989999353653,0.02433916100017086,0.02291770599913434
4,15,0.13177555700167431,0.024583831000200007,0.023910427000373602,0.02336812999965332
4,16,0.11251496200020483,0.02389483799925074,0.024252057999547105,0.02241820900053426
4,17,0.1239815520002594,0.02226640399931057,0.024561747999541694,0.022067832000175258
4,18,0.11560539699894434,0.023190287000034004,0.02471889299886243,0.022828908999144915
4,19,0.1289999920008995,0.022273126000072807,0.02446402499845135,0.022153824000270106
4,20,0.13249559699943347,0.021619791999910376,0.02356158300062816,0.023914344999866444
4,21,0.11872751100054302,0.022588276999158552,0.02407632900030876,0.0233998599996994
4,22,0.13370277100148087,0.022606952999922214,0.02342415500061179,0.023700112998994882
4,23,0.14496686100028455,0.023034986001221114,0.024821345999953337,0.022811386001194478
4,24,0.12691088499923353,0.02432601599866757,0.02430279299915128,0.022332407999783754
4,25,0.13726812499953667,0.024380267999731586,0.024113057001159177,0.022867461999339866
4,26,0.12462147299993376,0.02201363099993614,0.023475190999306506,0.024159984999641893
4,27,0.12586580499919364,0.021242734999759705,0.02470242299932579,0.023039824000079534
4,28,0.1240188230003696,0.022550126999703934,0.024431142999674194,0.021824855999511783
4,29,0.12907480200010468,0.02222514700042666,0.022866960998726427,0.022242549999646144
4,30,0.1233035609984654,0.021378078999987338,0.026465618999282015,0.022921552999832784
4,31,0.13496188199860626,0.02119698999922548,0.02696386400020856,0.023996869998882175
4,32,0.13571645599949989,0.02146996100054821,0.02577985300013097,0.022690668998620822
4,33,0.13385958500111883,0.021948417999738012,0.026555467000434874,0.02270649999991292
4,34,0.12687295499927131,0.022270711999226478,0.02453579999928479,0.02252981899982842
4,35,0.1448013709996303,0.022970514999542502,0.027067036999142147,0.021722284000134096
4,36,0.1393335289994866,0.020813409999391297,0.023705953999524354,0.022665372998744715
4,37,0.13703146199986804,0.022575533999770414,0.02457632700134127,0.025563948000126402
4,38,0.13026974400054314,0.02174823300083517,0.023505178000050364,0.027554521000638488
4,39,0.10908044200004952,0.022572156998649007,0.023943768999743043,0.025871735999317025
4,40,0.10532173499996134,0.022584370999538805,0.0267931430007593,0.025586049998310045
4,41,0.12201110800015158,0.021931657000095583,0.029702809999434976,0.027988974999971106
4,42,0.1282264519995806,0.021231513999737217,0.02555779700014682,0.025159148999591707
4,43,0.1225825490000716,0.021044802999313106,0.0242263100008131,0.02374104999944393
4,44,0.10380226599954767,0.02136184799928742,0.02380652200008626,0.025216066000211868
5,0,0.7640135199999349,0.7265816620001715,0.731460633000097,0.7371993650012882
5,1,0.11581373799890571,0.02461508899978071,0.024300349001350696,0.02499757599980512
5,2,0.12698782899860817,0.02366086900110531,0.02494513800047571,0.02439925399994536
5,3,0.12082573500083527,0.02429304600082105,0.02367029699962586,0.02444072199978109
5,4,0.10245078199841373,0.0236728719992243,0.024052914001003955,0.02406578900081513
5,5,0.11816605800049729,0.02418173700061743,0.023040526000841055,0.022772813999836217
5,6,0.12795441200069035,0.02203983899926243,0.02263976399990497,0.022338008999213343
5,7,0.11634744799994223,0.021702817999539548,0.024252278000858496,0.02211805600018124
5,8,0.10710826400099904,0.0219808190013282,0.023222578000059002,0.022575224000320304
5,9,0.13149170399992727,0.023559218998343567,0.0221992679998948,0.024851722999301273
5,10,0.11481497399836371,0.023142818999986048,0.022326476999296574,0.02341960800004017
5,11,0.11013785399882181,0.022004873999321717,0.02282704600111174,0.026582818001770647
5,12,0.1452791369993065,0.022113868999440456,0.021430957998745725,0.024585502998888842
5,13,0.1129106740008865,0.022837035001430195,0.02204897699994035,0.02374676099861972
5,14,0.11686077100057446,0.022280921999481507,0.022980273000939633,0.02311414500036335
5,15,0.13422496000021056,0.02253521900092892,0.02190602899827354,0.028215129999807687
5,16,0.12073450500065519,0.022439729998950497,0.024838607998390216,0.024564323999584303
5,17,0.13149875800081645,0.02212670200060529,0.022545838000951335,0.025998282000728068
5,18,0.10872603800089564,0.0217378639990784,0.023443051999493036,0.023163826999734738
5,19,0.12352844399902096,0.02282414100045571,0.02171909799835703,0.02310489699993923
5,20,0.11916687499979162,0.021445786000185763,0.021220544000243535,0.022358367999913753
5,21,0.13874279000083334,0.022258930999669246,0.021799870000904775,0.022145969000121113
5,22,0.1368289520014514,0.022422586998800398,0.022790257000451675,0.021770575000118697
5,23,0.1455133859999478,0.022599840000111726,0.021161042001040187,0.022935008999411366
5,24,0.11956452999947942,0.02259988999867346,0.02359763000094972,0.0221381340015796
5,25,0.12802035599997907,0.022265132000029553,0.02166110899997875,0.026269179999871994
5,26,0.11707798799943703,0.021984094999424997,0.02109600999938266,0.023640581999643473
5,27,0.12610771899926476,0.02139194499977748,0.021166071001061937,0.022150989001602284
5,28,0.14021347800007788,0.02271542700145801,0.02149013900088903,0.022970474999965518
5,29,0.12580296700070903,0.021439894999275566,0.02098719599962351,0.022784845999922254
5,30,0.10891994099984004,0.02190181100013433,0.021497411999007454,0.02237662200059276
5,31,0.1189072680008394,0.022704696999426233,0.02143304099990928,0.023264716000994667
5,32,0.1292186330010736,0.02222185000027821,0.021279804001096636,0.02346140500048932
5,33,0.12468449100015278,0.023593533000166644,0.023094006000974332,0.024041021999437362
5,34,0.13023487799910072,0.023595336999278516,0.0218248159999348,0.02278297399971052
5,35,0.1366618890006066,0.022552862001248286,0.022070196999266045,0.02242561299863155
5,36,0.13016509800036147,0.021022270999310422,0.020978569000362768,0.022219647000383702
5,37,0.136562141999093,0.021720069998991676,0.021459161000166205,0.021962414000881836
5,38,0.11368851199949859,0.021574708000116516,0.021488386000783066,0.023873187999924994
5,39,0.13096016800045618,0.02108386699910625,0.02112526400014758,0.022390797999833012
5,40,0.1422879580004519,0.022222912999495747,0.021532277000005706,0.022163291001561447
5,41,0.12818535500082362,0.021786114000860834,0.02258492200053297,0.021476253001310397
5,42,0.11271130999921297,0.021031528998719295,0.021967303000565153,0.022224485999686294
5,43,0.12477248499999405,0.021655238000676036,0.021591278000414604,0.02162766699984786
5,44,0.12332439000056183,0.021861885999896913,0.022381521001079818,0.022245856000154163
6,0,0.8252082540002448,0.7447792859984474,0.735151915001552,0.7639720089991897
6,1,0.11681782000050589,0.026006698000855977,0.02475001099992369,0.026583078999465215
6,2,0.12302795499999775,0.0261520809999638,0.02379124399885768,0.026633272998878965
6,3,0.11473072700027842,0.025025027000083355,0.02401680700131692,0.033630345000347006
6,4,0.12100159500005248,0.024506034000296495,0.024916844000472338,0.025898174999383627
6,5,0.1278638920011872,0.02449583500128938,0.02369609499874059,0.023952236000695848
6,6,0.12295372500011581,0.02714007299982768,0.02373711300060677,0.02267166400088172
6,7,0.10785864100034814,0.02798450699992827,0.022354018999976688,0.03177691900054924
6,8,0.12971501299944066,0.028227102000528248,0.023357800999292522,0.02815295300024445
6,9,0.1140724520009826,0.02688448399931076,0.022829720999652636,0.0260738750002929
6,10,0.135166335001486,0.03071259399985138,0.02228307600125845,0.02678772299987031
6,11,0.13877720500022406,0.03139304899923445,0.022587597000892856,0.02594118500019249
6,12,0.11454057000082685,0.02833843100052036,0.02276079200055392,0.025052228000276955
6,13,0.14382119299989427,0.027719119998437236,0.022938505000638543,0.026359409999713534
6,14,0.11976692999996885,0.023402815999361337,0.023184777001006296,0.0252061480005068
6,15,0.12807590999909735,0.02218449099927966,0.023718386999462382,0.027177945001312764
6,16,0.11271087900058774,0.022279209000771516,0.02237039899955562,0.02760521599884669
6,17,0.10028846699970018,0.02317759299876343,0.02213851499982411,0.024986025000544032
6,18,0.11486395700012508,0.023326612999881036,0.022309014000711613,0.0230290250001417
6,19,0.13551314599862962,0.023164408999946318,0.021629549999488518,0.024041933998887544
6,20,0.13198841600024025,0.021439503998408327,0.021207989999311394,0.024652508998769918
6,21,0.12526180399981968,0.021725579999838374,0.022001076999004,0.024865207000402734
6,22,0.12945463500000187,0.02348239400089369,0.024450939999951515,0.024039348998485366
6,23,0.13689670999883674,0.02189578999968944,0.022046141000828356,0.025136967000435106
6,24,0.12323911100065743,0.022755742000299506,0.02264837999973679,0.02510227200036752
6,25,0.13376251199952094,0.02229662100035057,0.02235792699866579,0.023859671999161947
6,26,0.12562311100009538,0.02211885700126004,0.02270367399978568,0.030765202000111458
6,27,0.12381733499933034,0.02316594100011571,0.022834208999483963,0.030182628999682493
6,28,0.14600259300095786,0.022088470999733545,0.022468253000624827,0.02409649699984584
6,29,0.1251574170000822,0.022063002999857417,0.022351254001478083,0.023053950999383233
6,30,0.1393533850005042,0.02235563199974422,0.023916568999993615,0.023026560000289464
6,31,0.1412427489995025,0.02210397999988345,0.022172287999637774,0.024349121000341256
6,32,0.11976944500020181,0.022301551000055042,0.022016486000211444,0.02453014999991865
6,33,0.1285885010001948,0.02300654300051974,0.02267897800084029,0.0230853399989428
6,34,0.13256205200013937,0.022996413999862853,0.02231347300039488,0.02381103100015025
6,35,0.12855147099980968,0.024334691999683855,0.022663560001092264,0.022852254000099492
6,36,0.12761550700088264,0.024855558998751803,0.022061870999095845,0.023518022000644123
6,37,0.14330997499928344,0.02202046299862559,0.02250403000107326,0.021151885001017945
6,38,0.12646905699875788,0.027996500000881497,0.024228865000623045,0.02394252799967944
6,39,0.14145120899956964,0.024853275999703328,0.022956348999287002,0.023541766000562347
6,40,0.13314586699925712,0.0284980500000529,0.021735037998951157,0.02430912499949045
6,41,0.12024502600070264,0.033286228999713785,0.022530991000166978,0.024773265000476385
6,42,0.12943543899928045,0.027590848998443107,0.021695874000215554,0.023906159000034677
6,43,0.10897972400016442,0.028072441999029252,0.021728736001023208,0.023255660000359057
6,44,0.13410488499903295,0.025329689000500366,0.02288095699987025,0.024587506999523612
7,0,0.7884144530016783,0.7288784310003393,0.7418619679992844,0.7507224729997688
7,1,0.12526279499979864,0.02641678699910699,0.026002640999649884,0.025089779001064016
7,2,0.09757055100089929,0.025002956001117127,0.024338459999853512,0.024990993999381317
7,3,0.09907363899947086,0.024215900000854162,0.024217412999860244,0.02348337600051309
7,4,0.11341528000048129,0.024933246000728104,0.02467902899843466,0.023892684999736957
7,5,0.1490855849988293,0.022882729999764706,0.023325199999817414,0.02299747599863622
7,6,0.126270263999686,0.02293885600010981,0.022987936999925296,0.022296070001175394
7,7,0.11068433899890806,0.02210770700003195,0.02234821800084319,0.022346965999531676
7,8,0.1213830999986385,0.022250205000091228,0.02314216699960525,0.021888606999709737
7,9,0.12277676399935444,0.022238481999011128,0.022908789000211982,0.02236327600076038
7,10,0.12704952500098443,0.02243083299981663,0.022807690000263392,0.023344295999777387
7,11,0.11100742599955993,0.022893841000040993,0.02248595600030967,0.02200270000139426
7,12,0.11176363300000958,0.022759960000257706,0.022274961000221083,0.021813235000081477
7,13,0.11782038000092143,0.02217989199925796,0.02430950599955395,0.02248753000094439
7,14,0.11528644900135987,0.02859371900012775,0.024833408000631607,0.022369727999830502
7,15,0.1348385799992684,0.023124422999899252,0.02404352700068557,0.022771992998968926
7,16,0.10148218500035,0.022886617000040133,0.02379654399919673,0.022555947000000742
7,17,0.11263947600127722,0.023874218999480945,0.022435050001149648,0.022601704000408063
7,18,0.11779833900072845,0.02204505999907269,0.02324023099936312,0.022695798999848193
7,19,0.11992261299928941,0.022271634999924572,0.02184187800048676,0.022599910000280943
7,20,0.11264195099829521,0.022897848999491544,0.021008867001000908,0.023969968999153934
7,21,0.13111477799975546,0.02365212299991981,0.02238669000144,0.02440599699912127
7,22,0.10205017999942356,0.02445899600024859,0.022614907000388484,0.023390633001326933
7,23,0.10450224799933494,0.02352371300003142,0.022130560000732657,0.022925270000996534
7,24,0.10509305599953223,0.02158661000066786,0.022445861000960576,0.022796158000346622
7,25,0.11053971899855242,0.024048035998930573,0.0249597050005832,0.022706009000103222
7,26,0.11755378099951486,0.0214704720001464,0.022256937001657207,0.02249488300003577
7,27,0.10230184200008807,0.020715906999612343,0.022684468000079505,0.022734942998795304
7,28,0.09504543600087345,0.021965219000776415,0.02222995599913702,0.022972749000473414
7,29,0.1093521820002934,0.02237804299875279,0.022312020000754273,0.023140514000260737
7,30,0.10312172999874747,0.022056872001485317,0.02190991700081213,0.024149095001121168
7,31,0.1220095950011455,0.021628137001243886,0.021983253998769214,0.02451652300078422
7,32,0.12458713900014118,0.02131367800029693,0.021799588999783737,0.02461429700088047
7,33,0.10226698699989356,0.02157886600070924,0.02352875100041274,0.02393128600124328
7,34,0.10773447900101019,0.021624810999128385,0.02227786600087711,0.023782287000358338
7,35,0.10966674100018281,0.021825869000167586,0.021853480000572745,0.021712726000259863
7,36,0.11468608299946936,0.021468307999384706,0.02092175299912924,0.02297250799892936
7,37,0.10023860299952503,0.022514800000863033,0.021693831000447972,0.02219846700063499
7,38,0.10293869599991012,0.02226057400002901,0.022384916001101374,0.026276915001290035
7,39,0.12009199900057865,0.020646647000830853,0.02211399899897515,0.022617593000177294
7,40,0.09070246200099064,0.021479438999449485,0.021345127001040964,0.02441915099916514
7,41,0.1000021090003429,0.021613119999528863,0.022655123999356874,0.023462417000700952
7,42,0.1148330679989158,0.021039835000919993,0.02232925199859892,0.024482058999637957
7,43,0.10449926300134393,0.02266743600011978,0.02242854799987981,0.025138569999398896
7,44,0.10570089599968924,0.022881307999341516,0.021549129000050016,0.023778560000209836
8,0,0.7848437279990321,0.7361839910008712,0.7246895059997769,0.761803321998741
8,1,0.11204036199887923,0.024421715999778826,0.02556402900154353,0.02549288399859506
8,2,0.10613655200177163,0.02357400700020662,0.026456802999746287,0.02414230199974554
8,3,0.11989279600129521,0.023614902998815523,0.02479487600066932,0.024462593000862398
8,4,0.10861625200050185,0.023897302000477794,0.026084855000590323,0.023965870999745675
8,5,0.12022928599981242,0.02294782199896872,0.025819167000008747,0.023222677999001462
8,6,0.10641112700068334,0.024027567000302952,0.025798708000365878,0.022866981000333908
8,7,0.10461878699970839,0.022262516999035142,0.029707388001043,0.021896049998758826
8,8,0.13772540299942193,0.02240746900133672,0.029217979999884847,0.022529748001034022
8,9,0.10538769899903855,0.021817161999933887,0.03389849799896183,0.02227512099852902
8,10,0.11167641000065487,0.02267967000079807,0.02542779299983522,0.023998673001187854
8,11,0.1144681040004798,0.023164098000052036,0.023584776999996393,0.02319184000043606
8,12,0.12153493599907961,0.023624982000910677,0.028064436999557074,0.025966833998609218
8,13,0.13030287500077975,0.022349801000018488,0.025622216999181546,0.02359680900008243
8,14,0.11550827500104788,0.02326965599968389,0.025015709999934188,0.022810635999121587
8,15,0.11466075600037584,0.023149730001023272,0.025400551001439453,0.022652709001704352
8,16,0.11991964600019855,0.02289181699961773,0.025053850999029237,0.023550252000859473
8,17,0.12601046700001461,0.02270849399974395,0.025187070999891148,0.023891381999419536
8,18,0.12648888399962743,0.022202314999958617,0.029018886998528615,0.021383048000643612
8,19,0.13412071499988087,0.022282605001237243,0.02434435100076371,0.022729753000021446
8,20,0.12381720399935148,0.022289908998573082,0.022269098999458947,0.021175579000555445
8,21,0.10693598100078816,0.021488254998985212,0.025022703999638907,0.021866033999685897
8,22,0.12984529700042913,0.0220629329996882,0.02447757099980663,0.021859370999663952
8,23,0.12756138499935332,0.02278618899981666,0.023063429000103497,0.021802946001116652
8,24,0.1102163819996349,0.022080015000028652,0.024176295999495778,0.023105797999960487
8,25,0.12970248000056017,0.022603256000365946,0.024233674001152394,0.02116035099970759
8,26,0.12478813500092656,0.02234493099967949,0.02517954699942493,0.02729938199991011
8,27,0.11154546400030085,0.0217140990007465,0.022645414999715285,0.03080667999893194
8,28,0.10472353199838835,0.022440120001192554,0.022498721000374644,0.027581120999457198
8,29,0.10425398199913616,0.022044118000849267,0.02209436200064374,0.02571559299940418
8,30,0.13164413000049535,0.021779462000267813,0.022266854999543284,0.026635988000634825
8,31,0.13200637899899448,0.023407833999954164,0.022625909001362743,0.02556333699976676
8,32,0.1157708470000216,0.021443722000185517,0.022603036000873544,0.026647839998986456
8,33,0.1189886709998973,0.02203483999983291,0.02239702900078555,0.025517280999338254
8,34,0.10341264499948011,0.02201988200067717,0.02388692299973627,0.02245734300049662
8,35,0.13179094600127428,0.022030332000213093,0.021646201999828918,0.029485050999937812
8,36,0.10839475600005244,0.021725980999690364,0.021650669999871752,0.03082907099997101
8,37,0.13003448199924605,0.0239167189993168,0.021866013999897405,0.027288881999993464
8,38,0.1278790010001103,0.022656336001091404,0.022912907001227723,0.026487921000807546
8,39,0.13346808000096644,0.02151822199994058,0.02304590600033407,0.02545380199990177
8,40,0.124400037999294,0.023032582001178525,0.021988112999679288,0.025509274999421905
8,41,0.12556471099924238,0.022746884998923633,0.022112175000074785,0.02497055599997111
8,42,0.11671114999990095,0.021451216000059503,0.022986635000052047,0.024256777000118745
8,43,0.11746893100098532,0.022227220999411657,0.022043025999664678,0.024406167000051937
8,44,0.10746827900038625,0.02233216800050286,0.02168326100036211,0.031006434001028538
9,0,0.821677562998957,0.7254045059999044,0.7418716760003008,0.7344670099992072
9,1,0.11091298800056393,0.023917660999359214,0.026850801999898977,0.02505505399858521
9,2,0.11762427299981937,0.02381836400127213,0.025499246999970637,0.023555091000162065
9,3,0.12319757300065248,0.023613680999915232,0.024795908000669442,0.024426124999081367
9,4,0.12237325699970825,0.025297047999629285,0.02515404000041599,0.023804438998922706
9,5,0.11422380699877976,0.022275621000517276,0.023357751000730786,0.02249449200098752
9,6,0.1177430749994528,0.022410204001062084,0.02325600999938615,0.021461975999045535
9,7,0.0929839099990204,0.02280505500129948,0.022258028999203816,0.02230967600007716
9,8,0.11420132400053262,0.022506203999000718,0.024021256000196445,0.02315903800081287
9,9,0.09861285400074848,0.02282494199971552,0.023136605999752646,0.02320282000073348
9,10,0.11027635400023428,0.023126367001168546,0.02223949400104175,0.022364418000506703
9,11,0.11389759399935429,0.02209583500007284,0.023027451999951154,0.022795546999986982
9,12,0.11841090799862286,0.023605857000802644,0.022593536999920616,0.02517875599914987
9,13,0.09802873899934639,0.021554939999987255,0.022722570000041742,0.025678814001366845
9,14,0.13487960699967516,0.022062492000259226,0.023643386999538052,0.022251607000725926
9,15,0.11372481000034895,0.023050444000546122,0.022610088000874384,0.022486516998469597
9,16,0.12289871200118796,0.02223668900114717,0.02223989499907475,0.022467241000413196
9,17,0.10521903200060478,0.022628623999480624,0.022095903999797883,0.022707422000166844
9,18,0.13858096700096212,0.021297757999491296,0.02382388499972876,0.02235414900133037
9,19,0.11087484699964989,0.022147150000819238,0.02483290800046234,0.024401798998951563
9,20,0.1335031260005053,0.022898148999956902,0.02217393200044171,0.02221719299996039
9,21,0.10217013500005123,0.022649833999821567,0.022336426000038045,0.022430110999266617
9,22,0.10087299299993902,0.022223505000511068,0.023172903998784022,0.022776120000344235
9,23,0.09660010100014915,0.021604833998935646,0.0220561899986933,0.023129543998948066
9,24,0.11019511199992849,0.022479283999928157,0.022205709999980172,0.021650288999808254
9,25,0.10904626800038386,0.02238708100048825,0.021899646000747452,0.020955316000254243
9,26,0.10844815600103175,0.022212132998902234,0.022877962001075502,0.021841107000000193
9,27,0.12560463699992397,0.021348042000681744,0.02518344499912928,0.02256744900114427
9,28,0.12338776999968104,0.022357675999955973,0.02269705199978489,0.021554458999162307
9,29,0.1263650909986609,0.023567723999804002,0.02210931999979948,0.022380999000233714
9,30,0.10942290499951923,0.022068914000556106,0.023431528999935836,0.022135559000162175
9,31,0.11516325799857441,0.02268530000037572,0.022194178000063403,0.022340714000165462
9,32,0.11582469799941464,0.02185441199981142,0.02195612200011965,0.022165885999129387
9,33,0.09112396299860848,0.021573023999735597,0.0218863619993499,0.022636067000348703
9,34,0.10820613200121443,0.02217929100152105,0.02217283899881295,0.023955000999194453
9,35,0.10840350299986312,0.022081566999986535,0.021940833999906317,0.021996940000462928
9,36,0.09728719899976568,0.021240510999632534,0.02183979400069802,0.023972865001269383
9,37,0.09701053100070567,0.0230217200005427,0.0224289489997318,0.028464548000556533
9,38,0.10843213600128365,0.022456471000623424,0.021673692999684135,0.027924224001253606
9,39,0.09894956600146543,0.02124247500069032,0.02355926900054328,0.03695885599881876
9,40,0.10396223600037047,0.021485189001396066,0.021920847000728827,0.026563191999230185
9,41,0.10708751599850075,0.022769408000385738,0.02260629200100084,0.023769452000124147
9,42,0.11156671400021878,0.021473446999152657,0.02220325600137585,0.02541072100029851
9,43,0.1228108279992739,0.020635396000216133,0.02237070000046515,0.02661794500090764
9,44,0.12233395300063421,0.022347928001181572,0.022270732999459142,0.025793679000344127
10,0,0.7612620010004321,0.7263070900007733,0.7366502550012228,0.8028468580014305
10,1,0.11176848200011591,0.025879270000586985,0.026429610999912256,0.03896982799960824
10,2,0.10527929500130995,0.02479960500022571,0.024710326999411336,0.02840821200152277
10,3,0.11068952899950091,0.024992696999106556,0.02480178899895691,0.02540559199951531
10,4,0.10192965399983223,0.02477409699895361,0.024906345000999863,0.025490160000117612
10,5,0.10512391299926094,0.023357811998721445,0.022823710000011488,0.024357425998459803
10,6,0.11207065900089219,0.02340766499946767,0.02253333400039992,0.022579742000743863
10,7,0.12215429700154345,0.02230717099882895,0.022679319001326803,0.02281910099918605
10,8,0.11337748900041333,0.022166637998452643,0.022609789000853198,0.021719218999351142
10,9,0.12347135599884496,0.02419026200004737,0.023377007000817684,0.021973124999931315
10,10,0.12118024000119476,0.022669599999062484,0.021805370000947732,0.02378800900078204
10,11,0.09282421100033389,0.022999729999355623,0.023101881000911817,0.023024857000564225
10,12,0.10609581599965168,0.022703323000314413,0.022761943999284995,0.024849448000168195
10,13,0.11558938699999999,0.02257596599883982,0.022516924000228755,0.03940567399877182
10,14,0.1313026699990587,0.022745583000869374,0.022977959000854753,0.038304548999803956
10,15,0.12240130999998655,0.02245904600022186,0.022386128999642096,0.023836279000533978
10,16,0.11585161800030619,0.02217837900025188,0.022438697000325192,0.022429210001064348
10,17,0.13913174999834155,0.023570059000121546,0.023562305001178174,0.022412739001083537
10,18,0.12623788300152228,0.02400045600006706,0.022803451000072528,0.02095126799940772
10,19,0.09376981400055229,0.021494205999260885,0.022330584999508574,0.022071329000027617
10,20,0.1007258070003445,0.02134335399932752,0.021778198999527376,0.022292462999757845
10,21,0.10221747399918968,0.02240074600013031,0.02250241699948674,0.02209324000068591
10,22,0.12286531000063405,0.02179858799900103,0.021861686000193004,0.03354527500050608
10,23,0.1361665799995535,0.021474658999068197,0.021930143999270513,0.028714034999211435
10,24,0.1355394839993096,0.021697917998608318,0.022388424000382656,0.02686061900021741
10,25,0.11155004299871507,0.02199267099967983,0.023332454000410507,0.02953321099994355
10,26,0.10302328400030092,0.024968581999928574,0.023127520000343793,0.024852563999957056
10,27,0.12600244199893496,0.021634911001456203,0.02275448900036281,0.025142186999801197
10,28,0.10549934799928451,0.022707150999849546,0.02246800200009602,0.02911481599949184
10,29,0.11986572499881731,0.022756444001061027,0.022204517999853124,0.02510586000062176
10,30,0.10723153599974466,0.02177485200081719,0.021749294999608537,0.02348909700049262
10,31,0.09188607199939725,0.0219198549984867,0.022782161000577617,0.027737864998925943
10,32,0.10936428400054865,0.02266031299950555,0.023388870000417228,0.02385419200072647
10,33,0.09844790600072884,0.022220778999326285,0.02245241300079215,0.023086462999344803
10,34,0.09927219100063667,0.023959318999914103,0.023125794999941718,0.02169092499934777
10,35,0.11330287999953725,0.02238295299866877,0.022243151001021033,0.02168075699955807
10,36,0.12058227899979101,0.021424024000225472,0.021530164000068908,0.023937797999678878
10,37,0.12671183199927327,0.021972594000544632,0.02185704699877533,0.02107706400056486
10,38,0.1183332420005172,0.022002949999659904,0.022794173999500345,0.02128345100027218
10,39,0.11517858700062789,0.021772398000393878,0.02288194900029339,0.023920056000861223
10,40,0.11616081899956043,0.021413094000308774,0.022313763000056497,0.022801888999310904
10,41,0.1370318330009468,0.022432095000112895,0.02256575600040378,0.03309354799966968
10,42,0.1218336250003631,0.02140821499961021,0.022796258001108072,0.03370691800046188
10,43,0.11564863800049352,0.023408245000609895,0.022358907999660005,0.02654709200032812
10,44,0.11810080600116635,0.021883165998588083,0.022870587999932468,0.042762069000673364
11,0,0.8179227229993558,0.7470614979993115,0.7215314939985547,0.7771452919987496
11,1,0.10856058799981838,0.025904957999955514,0.024545198000851087,0.025180148000799818
11,2,0.09997608100093203,0.024822919000143884,0.024956769000709755,0.023573045000375714
11,3,0.1204105270007858,0.02520999400076107,0.02468045200112101,0.023620203999598743
11,4,0.11043884900027479,0.024473122999552288,0.024822076000418747,0.02540952900017146
11,5,0.10552192000068317,0.02291256699936639,0.02412743500099168,0.024011016001168173
11,6,0.12541873800000758,0.022422777999963728,0.022341354999298346,0.029759515999103314
11,7,0.12024029799977143,0.02247209000051953,0.022198737000508117,0.026056442000481184
11,8,0.12587987199913186,0.02160265000020445,0.022547131000465015,0.02731690600012371
11,9,0.1257903739988251,0.024677186000189977,0.02308785499917576,0.026446653000675724
11,10,0.10837880700091773,0.022965836000366835,0.023130534998927033,0.028398594000464072
11,11,0.11214693299916689,0.022588988998904824,0.022394052999516134,0.025503074000880588
11,12,0.1106921449991205,0.023219361999508692,0.023589845999595127,0.025299331999121932
11,13,0.13241685899993172,0.021899565999774495,0.023946404999151127,0.029379644000073313
11,14,0.14104804300040996,0.022687773998768535,0.022043435999876237,0.025529233000270324
11,15,0.1322803439998097,0.02193582499967306,0.02287001699914981,0.024388974999965285
11,16,0.10470492800050124,0.022817769000539556,0.02255722999871068,0.022392101000150433
11,17,0.13299827999981062,0.02241750699977274,0.023122059001252637,0.023660478998863255
11,18,0.11262736299977405,0.021986879999531084,0.022254040999541758,0.023754184001518297
11,19,0.11086125099973287,0.021858068999790703,0.021825867999723414,0.022289798998826882
11,20,0.10477539999919827,0.02244540000174311,0.02194820700060518,0.023320962000070722
11,21,0.11514177799836034,0.02260362599918153,0.022391258000425296,0.022737838999091764
11,22,0.10838090000106604,0.022331395999572123,0.023459972000637208,0.02186083399828931
11,23,0.11417035600061354,0.02218890899894177,0.02186988100038434,0.021920535999015556
11,24,0.10944410400043125,0.02233145600075659,0.022444919000918162,0.022406576999856043
11,25,0.11736538600052882,0.0223349629995937,0.022376161001375294,0.021066895000330987
11,26,0.12325439899905177,0.02211111299948243,0.022062200998334447,0.023609331999978167
11,27,0.11517149300016172,0.021611154999845894,0.022298174000752624,0.023082285000782576
11,28,0.10672991499995987,0.021564788999967277,0.022885354999743868,0.02920734100007394
11,29,0.10444426899994141,0.022290910999799962,0.024806747998809442,0.024785077999695204
11,30,0.11308159500003967,0.021181770998737193,0.0231748879996303,0.027144532001329935
11,31,0.11458926200066344,0.022346805000779568,0.022406097001294256,0.032427869000457576
11,32,0.10841754899956868,0.02194529199914541,0.023000159999355674,0.028241518999493564
11,33,0.12332266699922911,0.021690665000278386,0.023171842000010656,0.023748604000502382
11,34,0.11945928299974184,0.021994114000335685,0.022338479000609368,0.024931060999733745
11,35,0.1109837210005935,0.021961503000056837,0.02245420699910028,0.029530425999837462
11,36,0.11998440800016397,0.021825477999300347,0.022168261000842904,0.024317631001395057
11,37,0.10066215699953318,0.02315491099943756,0.022062693000407307,0.023303288999159122
11,38,0.10714644599829626,0.021521927999856416,0.02336269999977958,0.02348346700091497
11,39,0.11329003499849932,0.020978108999770484,0.022059897000872297,0.029247696000311407
11,40,0.10382358499919064,0.021577822999461205,0.022075355998822488,0.02372770500005572
11,41,0.12885738499971922,0.022513988998980494,0.022595902000830392,0.02200339099908888
11,42,0.10734722199958924,0.02150539700051013,0.021397324000645312,0.02199756099980732
11,43,0.11872787100037385,0.021582142000625026,0.02159926300009829,0.022798763000537292
11,44,0.10787095399973623,0.022228423000342445,0.02185454199934611,0.022340362998875207
12,0,0.7637704950011539,0.7135694830012653,0.7450568390013359,0.8083208130010462
12,1,0.10353897099957976,0.02839637900069647,0.02484959899993555,0.026393052999992506
12,2,0.10162328899968998,0.02655661999961012,0.024000215998967178,0.025349454999741283
12,3,0.10189814600016689,0.028627513000174076,0.024112164999678498,0.025216235999323544
12,4,0.12409772099999827,0.026720597001258284,0.023696927000855794,0.02486023900019063
12,5,0.1193342290007422,0.023753543000566424,0.022970654999880935,0.023707877000560984
12,6,0.09843649399954302,0.02466538400040008,0.022410214000046835,0.024293836000651936
12,7,0.09383690000140632,0.024050711001109448,0.021659846999682486,0.02284982899982424
12,8,0.09954646599908301,0.022871570001370856,0.02368696800112957,0.023177614000815083
12,9,0.10359725099988282,0.022989330000200425,0.02242561300045054,0.0227146540000831
12,10,0.12713952499871084,0.023264655999810202,0.023459341999114258,0.023142907999499585
12,11,0.12403274899952521,0.022516143000757438,0.022652317999018123,0.024296842000694596
12,12,0.10300091200042516,0.02288940199832723,0.022316848999253125,0.023265148000064073
12,13,0.10620154399839521,0.021849972999916645,0.022437706000346225,0.022063783999328734
12,14,0.10184686899992812,0.022840842000732664,0.02273930199953611,0.022608906001551077
12,15,0.10546440200050711,0.022264340999754495,0.022367815001416602,0.02258944999994128
12,16,0.1031796570005099,0.022410595000110334,0.02521850000084669,0.02293527900110348
12,17,0.1318859139992128,0.022004062000632985,0.022076418001233833,0.02275126399945293
12,18,0.12340435999976762,0.02159722999931546,0.022897528999237693,0.022219677000975935
12,19,0.10133118200064928,0.021992751000652788,0.0233965530005662,0.022961107000810443
12,20,0.11382303400023375,0.021056535999377957,0.022315737000099034,0.023877716001152294
12,21,0.1132141629987018,0.023489338000217685,0.02243895799983875,0.023679394000282628
12,22,0.13660437200087472,0.0244921190005698,0.022094402000220725,0.022932474001208902
12,23,0.12617188999865903,0.020856140001342283,0.021836928999618976,0.02239528700010851
12,24,0.10892380899895215,0.0223526360005053,0.024375820001296233,0.023242784998728894
12,25,0.12063087000024098,0.021694142000342254,0.022312770999633358,0.023762770999383065
12,26,0.11348330799955875,0.02140551000047708,0.022095925000030547,0.02337094600079581
12,27,0.1031894759998977,0.021359372998631443,0.022406706999390735,0.02448708900010388
12,28,0.10214989700034494,0.02184328099974664,0.022465146999820718,0.022601362999921548
12,29,0.10318173199993907,0.02261152099890751,0.022007178000421845,0.02200440299930051
12,30,0.10287905400036834,0.023364143000435433,0.02377992199944856,0.024135599998771795
12,31,0.11619289800000843,0.023946044999320293,0.02175723999971524,0.022294747999694664
12,32,0.13329334199988807,0.024656907000462525,0.022075516999393585,0.02272396300031687
12,33,0.11116291699909198,0.0233054929994978,0.0235864499991294,0.022774416998800007
12,34,0.10258039399923291,0.021594785001070704,0.022763736998967943,0.022986183999819332
12,35,0.10621338599958108,0.021999304000928532,0.022055137998904684,0.023002064001047984
12,36,0.10361304999969434,0.021487793999767746,0.02183897300164972,0.02218640499995672
12,37,0.1195624569991196,0.021894446999795036,0.022473913999419892,0.02239589199962211
12,38,0.11133956799858424,0.022784746999604977,0.021908111999437097,0.02236606699989352
12,39,0.11409269000068889,0.021251580999887665,0.02164622199961741,0.022512972000185982
12,40,0.13594181799999205,0.0213880480005173,0.02173888600009377,0.022528822999447584
12,41,0.11094036000031338,0.021985217001201818,0.023480591000407003,0.021543054001085693
12,42,0.0976985399993282,0.021192201000303612,0.021535353000217583,0.02264163400104735
12,43,0.11113795100027346,0.02064721799979452,0.022295368999039056,0.023644715000045835
12,44,0.11681634799970197,0.02128743899993424,0.022452763998444425,0.02392170500024804
13,0,0.7676554390000092,0.7717039679992013,0.7339914790009061,0.8216436200000317
13,1,0.09914412000034645,0.025521929001115495,0.027158267999766394,0.02702276099989831
13,2,0.12807403599981626,0.02454050900087168,0.025420219000807265,0.025336749000416603
13,3,0.10640615699958289,0.023974828000064008,0.02696115799881227,0.025266167000154383
13,4,0.1092544490002183,0.023678642999584554,0.025317526000435464,0.02514099099971645
13,5,0.1051732659998379,0.022695689000101993,0.02322901900151919,0.02263801700064505
13,6,0.10132580199933727,0.02176671699999133,0.022675402000459144,0.024264157000288833
13,7,0.0959299349997309,0.022547451999344048,0.022483792999992147,0.024939052000263473
13,8,0.10625535500003025,0.02277856500040798,0.022798763000537292,0.025086199000725173
13,9,0.10530295900025521,0.023184656000012183,0.022407810000004247,0.02614934300072491
13,10,0.10748770600002899,0.024351554000531905,0.02203241600000183,0.023947674000737607
13,11,0.09048563599935733,0.0243937539999024,0.024297844000102486,0.02292843199938943
13,12,0.12910575999922003,0.022571826999410405,0.022295258999292855,0.021476129000802757
13,13,0.1176862379998056,0.022007077999660396,0.02281563399992592,0.022177914001076715
13,14,0.11764014199980011,0.02191886299988255,0.022624716999416705,0.022785043000112637
13,15,0.09219417999884172,0.0225948610004707,0.022178428998813615,0.022281498000666033
13,16,0.11584945499998867,0.02179698500003724,0.022802028999649337,0.028101482999772998
13,17,0.11487656999997853,0.02378653499908978,0.022069915001338813,0.024798018001092714
13,18,0.09967715000129829,0.022853734999443986,0.022773214999688207,0.022312957000394817
13,19,0.10645281500001147,0.021680095000192523,0.02394301900130813,0.02311763699981384
13,20,0.12073477400008414,0.021809537000081036,0.02210678499977803,0.023991616000785143
13,21,0.12517928799934452,0.02461892599967541,0.022070135999456397,0.023386311000649584
13,22,0.13556578399948194,0.02292039100029797,0.022607663999224314,0.022453741999925114
13,23,0.11781861599956756,0.021800169999551144,0.021654177000527852,0.022884889998749713
13,24,0.12816391500018653,0.022898559998793644,0.022965705999013153,0.023446973998943577
13,25,0.1212408340015827,0.022323371000311454,0.022224705999178695,0.02271721500073909
13,26,0.09561408199988364,0.02202186599970446,0.022143123000205378,0.029991597999469377
13,27,0.1349786930004484,0.02213108999967517,0.02168306099883921,0.02899950799837825
13,28,0.1374099920012668,0.021997399999236222,0.022872902000017348,0.02532839299965417
13,29,0.12540823799827194,0.021698999998989166,0.02252110200060997,0.024252735000118264
13,30,0.12037699400025303,0.022351913999955286,0.022773886001232313,0.024261382000986487
13,31,0.12827375000051688,0.022366994000549312,0.022773014999984298,0.024338676999832387
13,32,0.12665011700119067,0.023743595000269124,0.02232229999935953,0.028598576000149478
13,33,0.11975986600009492,0.02244900700134167,0.022450530001151492,0.026521881000007852
13,34,0.11438584999996237,0.022672396000416484,0.022538303999681375,0.026609726999595296
13,35,0.1287369599995145,0.022318973000437836,0.022325965999698383,0.023735364999083686
13,36,0.11682024500078114,0.02192822000142769,0.02312238999911642,0.022556354000698775
13,37,0.12378752900076506,0.022288004998699762,0.022174491999976453,0.022102883998741163
13,38,0.1267701010001474,0.022343840000758064,0.02364346699869202,0.023670883998420322
13,39,0.11460942900157534,0.021675415999197867,0.02310892499917827,0.02270667599987064
13,40,0.12913488499907544,0.02205661100015277,0.0218653819993051,0.022306705999653786
13,41,0.14450377300090622,0.02287886299927777,0.02268330600054469,0.02181986299910932
13,42,0.1349374050005281,0.022491044999696896,0.022184130000823643,0.024128854000082356
13,43,0.125207490998946,0.021393528000771767,0.022394023999368073,0.026533443000516854
13,44,0.13166207499853044,0.022488211001473246,0.02409710800020548,0.024201358999562217
14,0,0.7832921089993761,0.7375375690007786,0.7258346830003575,0.7599167309999757
14,1,0.09975972599931993,0.02558360500006529,0.0254797099987627,0.025667218998933095
14,2,0.10307878899948264,0.024521512999854167,0.0234736279999197,0.02454047500032175
14,3,0.09581961700132524,0.03466957299860951,0.02397613099856244,0.0245967010014283
14,4,0.09610898999926576,0.028899142000227585,0.023400821999530308,0.024856628000634373
14,5,0.10169274100007897,0.026193699000941706,0.023461815999326063,0.024063711000053445
14,6,0.09707728499961377,0.030357006999111036,0.02512574600041262,0.024534092999601853
14,7,0.09523970000009285,0.025746380000782665,0.022559294000529917,0.022825839998404263
14,8,0.08758919499996409,0.026905082999292063,0.02227293699979782,0.02253181800006132
14,9,0.11063998600002378,0.025684353999167797,0.022668088000500575,0.02257949699924211
14,10,0.1040744559995801,0.027176963001693366,0.02194910899925162,0.022999785000138218
14,11,0.10129269000026397,0.027315692999763996,0.022521863000292797,0.022632235999481054
14,12,0.12457172899848956,0.02577714799917885,0.022357235000526998,0.02163619800012384
14,13,0.09597706299973652,0.030874175999997533,0.02244348699969123,0.023269571000128053
14,14,0.09422545800043736,0.03346615599912184,0.023212459000205854,0.02964157200040063
14,15,0.1003123720001895,0.02695774200037704,0.023321994000070845,0.025081540001338
14,16,0.08864305099996272,0.025388909998582676,0.024928836999606574,0.02632389100108412
14,17,0.0989899920004973,0.024401238000791636,0.021758442000646028,0.02282271399963065
14,18,0.0994892480011913,0.02498699700117868,0.022497957999803475,0.02265056099895446
14,19,0.10418255800141196,0.023514626000178396,0.022050909999961732,0.022767348998968373
14,20,0.10435769600007916,0.022064405999117298,0.022026274000381818,0.022340558998621418
14,21,0.10912118799933523,0.023623258999577956,0.022233232999496977,0.022677312001178507
14,22,0.1028607500011276,0.023034976000417373,0.02203120400008629,0.022903735998625052
14,23,0.0990796699989005,0.021349955999539816,0.023934322000059183,0.027774379999755183
14,24,0.10462102099882031,0.023699823001152254,0.022216842000489123,0.032012077999752364
14,25,0.09616744999948423,0.022039359000700642,0.023137527001381386,0.025201635000485112
14,26,0.11644576300022891,0.02332285500051512,0.022514530000989907,0.027790370000730036
14,27,0.10031901399997878,0.021624080000037793,0.02511280300132057,0.03450027399958344
14,28,0.10377983299986226,0.022321759000988095,0.02239158900010807,0.03377945299871499
14,29,0.1075125620009203,0.021880561000216403,0.02262086900009308,0.0283420150008169
14,30,0.09586155599936319,0.023327585000515683,0.022469445000751875,0.02775835099964752
14,31,0.10193375199924049,0.023546144000647473,0.02311447400097677,0.028351293000014266
14,32,0.09488522500032559,0.022253670998907182,0.022415523999370635,0.025446904999625986
14,33,0.10037209400070424,0.021714047999921604,0.022743869998521404,0.02823209899906942
14,34,0.10225607600114017,0.0222269599998981,0.022311629998512217,0.02647467300084827
14,35,0.1090864830002829,0.02156481900055951,0.023037840999677428,0.02916737299892702
14,36,0.11296350299926416,0.021356949000619352,0.021412402998976177,0.027497040000525885
14,37,0.11222351600008551,0.022348267999404925,0.022585192000406096,0.024398327999733738
14,38,0.12054296499991324,0.021971361000396428,0.024825864000376896,0.027380822000850458
14,39,0.11073359200054256,0.02168455399987579,0.025226003999705426,0.028207853998537757
14,40,0.09956255600081931,0.02274492200012901,0.022032034999938332,0.027076702001068043
14,41,0.11493202400015434,0.022352395999405417,0.022212322999621392,0.029695963999984087
14,42,0.10680728999977873,0.02064577599958284,0.02272434400038037,0.032725095999921905
14,43,0.10143663000053493,0.021802945999297663,0.03084494100039592,0.023823430001357337
14,44,0.09747509099906893,0.0222766530005174,0.02624934300001769,0.023935790999530582
15,0,0.7878864739996061,0.7186912180004583,0.7544823440002801,0.7862961259997974
15,1,0.09467976999985694,0.02414188199873024,0.025280907000706065,0.03156636199855711
15,2,0.094199810999271,0.023635090999960084,0.024898159001168096,0.026769767000587308
15,3,0.10153657799855864,0.02398185200036096,0.024202896000133478,0.026581332998830476
15,4,0.09785910200116632,0.023567023999930825,0.023819287000151235,0.0255653069998516
15,5,0.09522276799907559,0.022634936000031303,0.02297421200091776,0.02419890400051372
15,6,0.08932830599951558,0.021983895001540077,0.022446311999374302,0.02234207199944649
15,7,0.10161277999941376,0.022034359000826953,0.023031038999761222,0.026015741999799502
15,8,0.10214736299894867,0.023260047999428934,0.021953337000013562,0.030865398000969435
15,9,0.12022753400015063,0.02141777300130343,0.02345996300027764,0.027881892998266267
15,10,0.10479902400038554,0.022166137001477182,0.026165346000198042,0.045766044000629336
15,11,0.0896955939988402,0.02221441700021387,0.023299440999835497,0.028893740000057733
15,12,0.09421362600005523,0.02203740600089077,0.021855975001017214,0.027022610000130953
15,13,0.09819217599942931,0.022131452000394347,0.022426755000196863,0.025870118999591796
15,14,0.10170115499931853,0.022923956999875372,0.023122238999349065,0.029388077000476187
15,15,0.1097410510010377,0.022211420999155962,0.02215607799917052,0.025083122000069125
15,16,0.09634009299952595,0.02168506500129297,0.030176788999597193,0.02431169599913119
15,17,0.10172573199997714,0.023021559998596786,0.030026446000192664,0.024577795000368496
15,18,0.1079001590005646,0.021499395999853732,0.028417499001079705,0.024504297000021324
15,19,0.0894088670011115,0.021354745000280673,0.023327123000854044,0.023639775999981794
15,20,0.10051538199877541,0.021916939000220736,0.021561182000368717,0.02425709299859591
15,21,0.10060086299927207,0.021820648000357323,0.021249056999295135,0.022599404999709805
15,22,0.10640091799905349,0.022311157999865827,0.021808707000673166,0.02249096100058523
15,23,0.10688099800063355,0.021657392999259173,0.03062629200030642,0.022288861999186338
15,24,0.12562587600041297,0.021899436000239803,0.0290936370001873,0.022375845999704325
15,25,0.11275918000137608,0.02125825400071335,0.033968437999646994,0.022386335000192048
15,26,0.10491170599925681,0.02167363300031866,0.032061342000815785,0.0219903430006525
15,27,0.09966724200057797,0.020784576001460664,0.02311215100053232,0.02577620299962291
15,28,0.10760442399987369,0.021644116999596008,0.021670166999683715,0.02298205199986114
15,29,0.1240659710001637,0.023276619000171195,0.021825969000929035,0.02206956000009086
15,30,0.11359032799919078,0.021686837999368436,0.02335889299865812,0.022447870000178227
15,31,0.10654960700048832,0.021860374001335003,0.021492322999620228,0.02250261299923295
15,32,0.09586417099853861,0.02157676199931302,0.032789938000860275,0.022273583999776747
15,33,0.08885967700007313,0.021582782001132728,0.030032097000002977,0.022338034999847878
15,34,0.09763818700048432,0.02361098499932268,0.02847767200000817,0.021958041999823763
15,35,0.12132044300051348,0.02257066600031976,0.028617945999940275,0.02283035799882782
15,36,0.10802400200009288,0.023105078000298818,0.030347859999892535,0.022615544998188852
15,37,0.10361557500073104,0.023428794000210473,0.028588160001163487,0.02203057800034003
15,38,0.10464798099928885,0.02309769299972686,0.03215561899924069,0.02199436000046262
15,39,0.11100698399968678,0.02210421000017959,0.02658053400045901,0.023022247998596868
15,40,0.10601025500000105,0.023107180999431876,0.029868861000068136,0.021956648999548634
15,41,0.09670041800018225,0.024390718001086498,0.030634286000349675,0.021625086999847554
15,42,0.1070682890003809,0.02772721499968611,0.03272415500032366,0.02197477300069295
15,43,0.10208228000010422,0.024859777999154176,0.028021767000609543,0.02300732900039293
15,44,0.09793268900102703,0.023320190000958974,0.025573144999725628,0.022475072000816
16,0,0.7563455330000579,0.8234073029998399,0.7545679550003115,0.7380951450013526
16,1,0.10281285000019125,0.029308619999937946,0.02813255499859224,0.02467691099991498
16,2,0.11053017000085674,0.027705353999408544,0.02576781999960076,0.024169610000171815
16,3,0.09347844799958693,0.027810359999421053,0.026151029000175186,0.0243668200000684
16,4,0.09046160099933331,0.027976332001344417,0.026184862001173315,0.026732726999398437
16,5,0.09214983600031701,0.025290034998761257,0.02397483800086775,0.024033113999394118
16,6,0.09153120699920692,0.024770850001004874,0.0231213970000681,0.023515323000538046
16,7,0.09279448600136675,0.027289483999993536,0.024014722999709193,0.022731823000867735
16,8,0.09269539900014934,0.024299145999975735,0.023233047000758233,0.022670297999866307
16,9,0.12536646999978984,0.025135724999927334,0.023305833999984316,0.022361729001204367
16,10,0.09401191799952358,0.024053095001363545,0.023891572000138694,0.022895619998962502
16,11,0.08779877699998906,0.02843892900091305,0.03212133499982883,0.022748284000044805
16,12,0.08758791299987934,0.02449121700010437,0.024768597000729642,0.02452944399919943
16,13,0.0968084819996875,0.024841934000505717,0.022963811999943573,0.023242772000230616
16,14,0.13294481999946584,0.0236491779996868,0.022468494000349892,0.02272192499913217
16,15,0.10008048700001382,0.024340595000467147,0.025681609000457684,0.022194274000867154
16,16,0.09000624699910986,0.02394871999968018,0.02526055900125357,0.022662041999865323
16,17,0.09416060699913942,0.02475881899954402,0.022515722001116956,0.022992712001723703
16,18,0.09053381599915156,0.02316153299943835,0.023471144000723143,0.021912636000706698
16,19,0.08755767500042566,0.025114665999353747,0.022989209999650484,0.0225792770015687
16,20,0.09720101799939584,0.023399409001285676,0.025944953000362148,0.028921040999193792
16,21,0.10507610400054546,0.024343199000213644,0.029268665000927285,0.025026016000992968
16,22,0.1007667539997783,0.025198964000082924,0.02581496899983904,0.022807825000199955
16,23,0.09055553699909069,0.021739265999713098,0.02321936100088351,0.022594906000449555
16,24,0.09427919900008419,0.02515053299975989,0.02533875599874591,0.022794129999965662
16,25,0.09335397399991052,0.024196183001549798,0.02439445500021975,0.02780915599942091
16,26,0.0873935679992428,0.022886467000716948,0.02533083100024669,0.029403937000097358
16,27,0.0951274890012428,0.02381381599843735,0.02555959999881452,0.03809496699977899
16,28,0.10048956399987219,0.023515827999290195,0.03131927000140422,0.03169003400034853
16,29,0.10391773100127466,0.02265209800134471,0.024724402999709127,0.024609504000181914
16,30,0.09815381400039769,0.02560035599890398,0.023479478999433923,0.024747203000515583
16,31,0.09926368500055105,0.024509861999831628,0.02296566599943617,0.024402516999543877
16,32,0.09540371799994318,0.02523015199949441,0.022675401000014972,0.023651948999031447
16,33,0.09324612199998228,0.024086948000331176,0.022075545999541646,0.025446685000133584
16,34,0.0949809349986026,0.024499300998286344,0.022212874000615557,0.02322965700113855
16,35,0.09048435300064739,0.023377187999358284,0.022480465999251464,0.022164088000863558
16,36,0.10530254800141847,0.026149626000915305,0.020946529000866576,0.022994705999735743
16,37,0.09878214200034563,0.022962199000176042,0.022645175000434392,0.02104057199903764
16,38,0.0974452160007786,0.02165568900090875,0.021993323000060627,0.022178385999723105
16,39,0.10404199499862443,0.02397624099830864,0.02206665000085195,0.023231821000081254
16,40,0.09897427299983974,0.023044994999509072,0.021572502999333665,0.022483467000711244
16,41,0.09559943399835902,0.02351237099901482,0.02170175600076618,0.022303751000436023
16,42,0.10740669400001934,0.026374697999926866,0.022560256000360823,0.022064280999984476
16,43,0.1079270890004409,0.02281742800005304,0.023535414000434685,0.02209913700062316
16,44,0.09356345699961821,0.024900934999095625,0.022602463999646716,0.024888968000595924
17,0,0.7653928370000358,0.8324964179992094,0.7757619680014614,0.7321451860007073
17,1,0.09729340099875117,0.03665022799941653,0.027853341000081855,0.024173416999474284
17,2,0.10497720800049137,0.03882318199975998,0.028990714001338347,0.02389402299922949
17,3,0.10466657600045437,0.03682872200079146,0.03360861399960413,0.023840231999201933
17,4,0.10916501100109599,0.034937425998577964,0.028121584000473376,0.029537737000282505
17,5,0.10403330799999821,0.03614892800032976,0.02775360399937199,0.026740231000076164
17,6,0.09350534800068999,0.03636625500075752,0.03210095599933993,0.02376422900124453
17,7,0.11536855200029095,0.037514408000788535,0.03193670899963763,0.03055515599953651
17,8,0.10950363600022683,0.03258927299975767,0.023730610999336932,0.02713902799951029
17,9,0.10889067700009036,0.027302017999318196,0.0237934580000001,0.02410722300010093
17,10,0.1041641140000138,0.031142889998591272,0.024521503000869416,0.025132906001090305
17,11,0.103848171998834,0.030230558999392088,0.022877981000419823,0.024193674998969072
17,12,0.10034003399960056,0.03229158300018753,0.022701230000166106,0.02319183599865937
17,13,0.09586510299959627,0.032754801999544725,0.02209115499863401,0.02392070300084015
17,14,0.10074529300072754,0.037502676001167856,0.023098034000213374,0.023180875001344248
17,15,0.09900056200058316,0.030003283000041847,0.023094346999641857,0.023970795999048278
17,16,0.10600580699974671,0.038705491000655456,0.025340448999486398,0.022998643000391894
17,17,0.10309329599840567,0.028651667998929042,0.022134647000711993,0.02387555799941765
17,18,0.09718422599871701,0.03679208399989875,0.023329899000600562,0.021917095000389963
17,19,0.09614536800108908,0.03444089499862457,0.023776355999871157,0.023751344999254798
17,20,0.12286184300137393,0.029701056999329012,0.02196095100043749,0.028921943001478212
17,21,0.10468488100013928,0.03357928900004481,0.021716172999731498,0.0328415940002742
17,22,0.09065542399912374,0.031588054000167176,0.021771296000224538,0.025813102000029176
17,23,0.10342401599882578,0.023598571999173146,0.021014377000028617,0.024757080998824676
17,24,0.09309666199987987,0.03327152100064268,0.021829565999723854,0.024102774001221405
17,25,0.10203964999891468,0.03279652099990926,0.021629610000672983,0.022995538000031956
17,26,0.09825748900038889,0.03178273000048648,0.024491848000252503,0.026061158001539297
17,27,0.09573604099932709,0.025472126999375178,0.02305314900149824,0.024695555999642238
17,28,0.1140191730009974,0.034018122001725715,0.022647849000350107,0.023431375000654953
17,29,0.11148396899989166,0.03937995699925523,0.02243826700032514,0.023058085000229767
17,30,0.1181552689995442,0.04474802299955627,0.021984846998748253,0.023893282001154148
17,31,0.11834253000051831,0.03296804300043732,0.022536071001013624,0.022874170001159655
17,32,0.12102002000028733,0.031223632000546786,0.027813365999463713,0.02329554000061762
17,33,0.10674805899907369,0.030730276001122547,0.022800897000706755,0.0226552600015566
17,34,0.09791965499971411,0.03325478999977349,0.023581560999446083,0.022366507999322494
17,35,0.10552945400013414,0.033755810000002384,0.023247524000908015,0.022016662000169163
17,36,0.11539410099976521,0.03363727800024208,0.0227678150004067,0.024017424000703613
17,37,0.11488816199926077,0.028739241999574006,0.02523144499900809,0.022224311000172747
17,38,0.09570304900080373,0.0400930129999324,0.024582517999078846,0.023066069999913452
17,39,0.11081010599991714,0.03371192699887615,0.022586375000173575,0.022942138000871637
17,40,0.12775048000003153,0.02755544300089241,0.022316438000416383,0.024555293000958045
17,41,0.11261643199941318,0.02609927200137463,0.022376581999196787,0.022664177000478958
17,42,0.11821536099887453,0.03777024800001527,0.02133833500010951,0.0238848560002225
17,43,0.10189574099968013,0.038015127000107896,0.022555546000148752,0.022571020999748725
17,44,0.10278115100118157,0.03842987499956507,0.022077229999922565,0.023391611000988632
18,0,0.8013780509991193,0.7857664490002207,0.7149064400000498,0.7441913790007675
18,1,0.10458830899915483,0.026040782999189105,0.025393228001121315,0.02485698900090938
18,2,0.10565573999883782,0.025333776000479702,0.02376442400054657,0.0251136899987614
18,3,0.09110247299940966,0.02545090599960531,0.024057241998889367,0.02458111200030544
18,4,0.09634536300109175,0.025493886998447124,0.02461580999988655,0.024744747999648098
18,5,0.09784042600040266,0.024914450999858673,0.022383714000170585,0.023248382000019774
18,6,0.09707708499990986,0.023673171999689657,0.022254511999562965,0.02237238899942895
18,7,0.09049801900073362,0.023158247000537813,0.02204817500023637,0.022344316999806324
18,8,0.09739202499986277,0.023480000998461037,0.02154114400036633,0.023119931000110228
18,9,0.105612248999023,0.02516308699887304,0.02242933999878005,0.021761883999715792
18,10,0.09574172199972963,0.0243318979992182,0.0238651130002836,0.0223600549998082
18,11,0.09356743500029552,0.02361488299902703,0.023014657001112937,0.022154421001687297
18,12,0.0986599429998023,0.021976560999974026,0.023077875999661046,0.023113690000172937
18,13,0.091643125999326,0.022551379001015448,0.02229592000003322,0.02339993600071466
18,14,0.09566964599980565,0.023235361000843113,0.02225676600028237,0.022754716999770608
18,15,0.09979114499947173,0.022694327000863268,0.021841507999852183,0.02248875700024655
18,16,0.09293283499937388,0.022357986999850255,0.02275800600000366,0.027749503999075387
18,17,0.09130026399907365,0.023274626000784338,0.022255523999774596,0.02354186299999128
18,18,0.09171579299982113,0.02162877900082094,0.022290670000074897,0.021817699000166613
18,19,0.10630777299957117,0.022781260000556358,0.021612759001072845,0.022255629999563098
18,20,0.0944949730001099,0.02314085400030308,0.02116921700144303,0.028472640000472893
18,21,0.10395955999956641,0.02443311699971673,0.023837871000068844,0.027112859999760985
18,22,0.10182257300039055,0.022583508000025176,0.02312436399915896,0.02499623000039719
18,23,0.1047376999995322,0.021730129001298337,0.02182291299868666,0.02319294799963245
18,24,0.1082410280014301,0.023404117999234586,0.02225164700030291,0.024007014999369858
18,25,0.09366141099962988,0.024143644999639946,0.02171196499875805,0.022245391000978998
18,26,0.10745419599879824,0.023900138001408777,0.022260534000452026,0.022971722999500344
18,27,0.09126377000029606,0.022268658998655155,0.021849081998880138,0.023758347999319085
18,28,0.10638662900055351,0.022977106998951058,0.02256704899991746,0.023019022000880796
18,29,0.1007260940004926,0.02318364399980055,0.022771781999836094,0.023582228999657673
18,30,0.09130538899989915,0.022661475000859355,0.022552140999323456,0.02336531100081629
18,31,0.09960253800090868,0.02266975099882984,0.023910747999252635,0.022690316000080202
18,32,0.09303635399919585,0.022335283998472732,0.02191939300064405,0.022409990000596736
18,33,0.09037295899906894,0.02320539500033192,0.02175144899956649,0.021728581999923335
18,34,0.09184795500004839,0.023413225000695093,0.021672340999430162,0.023298495998460567
18,35,0.09022636499867076,0.02393617599955178,0.021394409999629715,0.02263197600041167
18,36,0.1026898069994786,0.02257129600002372,0.02127119800024957,0.021386780999819166
18,37,0.09150291900004959,0.023258454999449896,0.021761577001598198,0.02113977699991665
18,38,0.10336187699977017,0.022994950999418506,0.021801602999403258,0.02203299299981154
18,39,0.09399879900047381,0.021630101000482682,0.021817303000716493,0.02260768099949928
18,40,0.09011868300149217,0.02305603499917197,0.021791954999571317,0.024377048001042567
18,41,0.09481711300031748,0.02420935699956317,0.022223313999347738,0.023367015000985702
18,42,0.09969912799897429,0.023031578999507474,0.022463113000412704,0.02156940399981977
18,43,0.10882976100037922,0.023094096999557223,0.022685940999508603,0.02171810199979518
18,44,0.09578522899937525,0.023187242000858532,0.022227340999961598,0.022396014001060394
19,0,0.809389538000687,0.7539424709993909,0.7215757760004635,0.7999345040007029
19,1,0.09089482799936377,0.02607840299970121,0.02474607499971171,0.039217000999997254
19,2,0.09666491800089716,0.026192878000074415,0.023878096999396803,0.029409235999992234
19,3,0.10086619699904986,0.024196833999667433,0.024470718000884517,0.026029807999293553
19,4,0.09637374200065096,0.025272832999689854,0.023656802000914467,0.026324129999920842
19,5,0.10324097999910009,0.023684053001488792,0.022583108000617358,0.024539153000660008
19,6,0.09615293899878452,0.025861516000077245,0.02195171400126128,0.025120153000898426
19,7,0.09024236499863036,0.02495320300113235,0.02164423800059012,0.023982729000636027
19,8,0.10047368000050483,0.023264757001015823,0.022227331000976847,0.025997769000241533
19,9,0.11089199699927121,0.0240639050007303,0.02130512199983059,0.02580771199973242
19,10,0.09692989500035765,0.023795611999958055,0.02190331400015566,0.024514356000508997
19,11,0.08875588699993386,0.02380637299938826,0.021824826999363722,0.023957923000125447
19,12,0.08972447400083183,0.025432260999878054,0.02203290699981153,0.02334240800155385
19,13,0.10928702800083556,0.023584176000440493,0.022801888999310904,0.024118593999446603
19,14,0.0892094470000302,0.02588086200012185,0.023288862001209054,0.022367649999068817
19,15,0.09629459400093765,0.02423182999882556,0.022401849000743823,0.02301966300001368
19,16,0.09065752400056226,0.025748293999640737,0.022604148000027635,0.02328988999943249
19,17,0.09164953300023626,0.02480461400045897,0.02295562699873699,0.02392545099974086
19,18,0.0998016399989865,0.02364819499962323,0.02178865899986704,0.02358463299970026
19,19,0.09399902899895096,0.02663532699989446,0.022085175000029267,0.0229867509988253
19,20,0.10438764999889827,0.026862032000281033,0.021409807999589248,0.02252086800035613
19,21,0.09634287399967434,0.025043592999281827,0.02197772300132783,0.023157031000664574
19,22,0.09191782699963369,0.023072476000379538,0.021801962999234092,0.022631325000475044
19,23,0.09515357399868662,0.023347221000221907,0.020895102999929804,0.022924724999029422
19,24,0.09190003300136595,0.024203478000345058,0.02186245700067957,0.022439886000938714
19,25,0.0935653659998934,0.024979132000225945,0.023267712000233587,0.022814116999143152
19,26,0.0929003389992431,0.02473182799985807,0.023244818999955896,0.02755198300110351
19,27,0.10579049099942495,0.026110593000339577,0.022448455998528516,0.023793513999407878
19,28,0.10519094700066489,0.025029555999935837,0.022468352999567287,0.02502812999955495
19,29,0.09622292999847559,0.0256641159994615,0.022294547999990755,0.024346099999092985
19,30,0.09673558099893853,0.02476025099895196,0.022520711001561722,0.02519136599948979
19,31,0.10345096499986539,0.02582984699984081,0.022108839000793523,0.024750959999437327
19,32,0.10042208399863739,0.024572718999479548,0.02229550899937749,0.024105139000312192
19,33,0.10123332500006654,0.025155993000225862,0.022294567999779247,0.022345960000166087
19,34,0.09501828099928389,0.024752585999522125,0.02223781999964558,0.02335163499992632
19,35,0.09147256200049014,0.024507956999514136,0.024125650999849313,0.02194496800075285
19,36,0.09220256099979451,0.024059507000856684,0.02228333699895302,0.022285275999820442
19,37,0.08987201000127243,0.02390918499986583,0.02391463499952806,0.02165945199885755
19,38,0.09120872699895699,0.0241461799996614,0.023057207001329516,0.02228987400121696
19,39,0.09200958899964462,0.024093950998576474,0.022814562000348815,0.021942912999293185
19,40,0.09048411799994938,0.025704110001242952,0.02145180700063065,0.02353862699965248
19,41,0.09068779999870458,0.023995757999728085,0.0213536129995191,0.02164463400004024
19,42,0.0970151759993314,0.023966232000020682,0.022455348998846603,0.024244801001259475
19,43,0.1019502500003,0.023767680000673863,0.024160627001037938,0.023451041999578592
19,44,0.0947806660005881,0.024233563999587204,0.02252069099995424,0.02210776299943973
20,0,0.8075816170003236,0.7767441599989979,0.7072340630002145,0.731925013998989
20,1,0.09277347200077202,0.027397214998927666,0.02413848499963933,0.025689901000077953
20,2,0.10278853199997684,0.025638256998718134,0.023609583000506973,0.023908219000077224
20,3,0.09114769299958425,0.02873327100132883,0.023740508999253507,0.023947002000568318
20,4,0.09003730999938853,0.02710089999891352,0.024234173999502673,0.02377176299887651
20,5,0.0993555639997794,0.028025875000821543,0.024874544998965575,0.022925477000171668
20,6,0.09904643400113855,0.026243753000017023,0.02355511199857574,0.022718999000062468
20,7,0.09506813400003011,0.02490360999945551,0.023191297999801463,0.022449191999839968
20,8,0.10766500499994436,0.02581188300064241,0.021472144999279408,0.023765370999171864
20,9,0.10283904599964444,0.024908979999963776,0.022111493999545928,0.021384867000961094
20,10,0.10378306700113171,0.024052294000284746,0.022259612000198103,0.022500369001136278
20,11,0.10771469899918884,0.026050451000628527,0.021976760999677936,0.023673920000874205
20,12,0.09479447999910917,0.026411827999254456,0.02179009100109397,0.02196944400020584
20,13,0.10989479700037919,0.024061530999460956,0.022110150999651523,0.022497403999295784
20,14,0.09913227499964705,0.02367350299937243,0.02181540799938375,0.021999409998898045
20,15,0.1289104360002966,0.025583665001249756,0.022535899999638787,0.022618480999881285
20,16,0.10312315900046087,0.025435567000386072,0.022306329999992158,0.02221269899928302
20,17,0.10304611500032479,0.024190823000026285,0.021555069999521947,0.022235593000004883
20,18,0.09705669300092268,0.02316462900125771,0.022628934999374906,0.023023720001219772
20,19,0.0989500939995196,0.024962249999589403,0.022324684001432615,0.02248131300075329
20,20,0.10326889199859579,0.02275208500032022,0.02158189100009622,0.023122516000512405
20,21,0.10129125400089833,0.02410454100026982,0.022543935001522186,0.028359858000840177
20,22,0.10748050999973202,0.02309850399979041,0.022657678000541637,0.02300812199973734
20,23,0.11075198499929684,0.022268328999416553,0.021883166000407073,0.024329290001332993
20,24,0.1042685470001743,0.02336842099975911,0.022597596000196063,0.023015024000414996
20,25,0.10471120700094616,0.022838046001197654,0.021702215999539476,0.021606111999062705
20,26,0.10515217299871438,0.027276650000203517,0.022115100999144488,0.03052755399949092
20,27,0.1073303980010678,0.02442767699903925,0.021314548999725957,0.023963121999258874
20,28,0.13359395899897208,0.02380518999962078,0.023034775000269292,0.023813522000637022
20,29,0.09826483799952257,0.02421957700062194,0.022862511999846902,0.023382893999951193
20,30,0.11171245599871327,0.02474490200074797,0.02249566499995126,0.02280444999996689
20,31,0.11479260199848795,0.025141184998574317,0.024660824999955366,0.03684541300026467
20,32,0.1060289279994322,0.02392704900012177,0.023521838998931344,0.03437184399990656
20,33,0.10077803100102756,0.025028262998603168,0.02192689799994696,0.031262140999388066
20,34,0.11737316099970485,0.024620389000119758,0.021639970000251196,0.024410812000496662
20,35,0.10101183000006131,0.022640225000941427,0.021669656000085524,0.023089704000085476
20,36,0.12971702800132334,0.022052823998819804,0.021386164000432473,0.02237480400071945
20,37,0.1028285259999393,0.02301689200066903,0.022276924000834697,0.023059748000378022
20,38,0.11337143600030686,0.022427866999350954,0.021864410000489443,0.03463135099991632
20,39,0.1185498880004161,0.022156678000101238,0.02220004000082554,0.02614791999985755
20,40,0.1108194509997702,0.022575343999051256,0.021729436999521567,0.045071992000885075
20,41,0.11682577400097216,0.023085369999535033,0.022580723998544272,0.027704018000804354
20,42,0.10972907700124779,0.02275689400084957,0.023353553000561078,0.026795584000865347
20,43,0.10367833100099233,0.02303673899950809,0.021956503000183147,0.031206447001750348
20,44,0.11215212000024621,0.023854341998230666,0.021630502998959855,0.03130934000000707
21,0,0.797381389000293,0.7616759440006717,0.7080711420003354,0.7650182090001181
21,1,0.10013312199953361,0.02575869300017075,0.024613256000520778,0.024796594998406363
21,2,0.09652780100077507,0.02467662399976689,0.02392313199925411,0.024374844000703888
21,3,0.09879967099914211,0.02480141799969715,0.024557620999985375,0.023919560999274836
21,4,0.1039774609998858,0.023925284998767893,0.024028617999647395,0.02386337600000843
21,5,0.10671860099864716,0.0238158009997278,0.02243192499918223,0.022583134001251892
21,6,0.09823879999930796,0.02333801399981894,0.021370734999436536,0.023417469001287827
21,7,0.09797802100001718,0.0240741439993144,0.021443221001391066,0.022795052000219584
21,8,0.10201408899956732,0.02345916100057366,0.022203526999874157,0.030224745998566505
21,9,0.10307997800009616,0.02455999500125472,0.022233261999645038,0.040248034998512594
21,10,0.09418189200005145,0.023813755999071873,0.021964607998597785,0.03319562800061249
21,11,0.10040649500115251,0.023264876999746775,0.02371102400138625,0.03312590699897555
21,12,0.09710215800078004,0.023559278999528033,0.022878613001012127,0.034026204999463516
21,13,0.1077346160000161,0.02378361000046425,0.02257932100110338,0.03373331600050733
21,14,0.09827835400028562,0.02398528800040367,0.022790367000197875,0.03216181900097581
21,15,0.09123114899921347,0.024394695999944815,0.02186064399938914,0.03694807600004424
21,16,0.09235938399979204,0.023945201999595156,0.022726847999365418,0.028509297999335104
21,17,0.09619553800075664,0.02498590399954992,0.021817523000208894,0.02874803700069606
21,18,0.09011835199999041,0.022485987001346075,0.021783187999972142,0.030864696000207914
21,19,0.10175912100021378,0.024137332000464085,0.022271603998888168,0.025847136001175386
21,20,0.08784373599883111,0.023019987000225228,0.022081167000578716,0.023432025998772588
21,21,0.09186798299924703,0.023549531000753632,0.022283506999883684,0.03195785600109957
21,22,0.10057760599920584,0.023447739999028272,0.023139029999583727,0.02716653000061342
21,23,0.10257923899916932,0.02272155799983011,0.022227632000067388,0.025114492000284372
21,24,0.09472604199982015,0.02395900800001982,0.022366822999174474,0.02302928199969756
21,25,0.1023837819993787,0.024021836999963853,0.022020802998667932,0.024308680000103777
21,26,0.09288037099940993,0.025343143999634776,0.022477980999610736,0.02309276000050886
21,27,0.0926632940008858,0.025005651001265505,0.022752756000045338,0.02271921999999904
21,28,0.10127450300024066,0.026090696001119795,0.022659651998765185,0.02325393299906864
21,29,0.09009702300136269,0.02436045000104059,0.021376857001087046,0.023329494000790874
21,30,0.09122424599991064,0.024988788998598466,0.02199546600058966,0.022063671000069007
21,31,0.10988576000090688,0.026325787001042045,0.022338218999720993,0.034922415999972145
21,32,0.0922892230009893,0.02520322199961811,0.023262643000634853,0.028512815000794944
21,33,0.09643787200002407,0.023146936000557616,0.023722034000456915,0.025335456999528105
21,34,0.0899346570004127,0.024681602999407914,0.02347585200004687,0.029631592999066925
21,35,0.10843085200031055,0.023126927999328473,0.022613265000472893,0.028057240999260102
21,36,0.09329016900119314,0.024808381000184454,0.022430521999922348,0.02687680700000783
21,37,0.11129540399997495,0.023558066999612493,0.02221082000141905,0.03781682500084571
21,38,0.09626461799962271,0.02317496900104743,0.021623389000524185,0.026869232000535703
21,39,0.11560538599951542,0.023216166000565863,0.02240273000097659,0.025740065999343642
21,40,0.09290007900017372,0.023208340999190114,0.021370204000049853,0.02476506600032735
21,41,0.09281825499965635,0.023344346998783294,0.022692323000228498,0.02339467699857778
21,42,0.09744035199946666,0.0225504070003808,0.021909975999733433,0.024908224999308004
21,43,0.08940482400066685,0.023317074999795295,0.02208582499952172,0.02368096399914066
21,44,0.09782623600040097,0.023391894999804208,0.022246747999815852,0.02348764100133849
22,0,0.7591823369984922,0.7546158639997884,0.707740753001417,0.7717514169999049
22,1,0.09594185200148786,0.027170220999323647,0.025102613000854035,0.02406324999901699
22,2,0.09810723299960955,0.027031409999835887,0.02379024199944979,0.02356251200035331
22,3,0.0880806909990497,0.02672446399992623,0.02408910200028913,0.02412449499934155
22,4,0.10046927199982747,0.026453516000401578,0.024667558000146528,0.023644576000151574
22,5,0.09569561099851853,0.026748079000753933,0.022728501000528922,0.024019438000323134
22,6,0.09116007599914155,0.02477991900013876,0.022810024000136764,0.022019086000000243
22,7,0.10166699900037202,0.023896992001027684,0.023045415000524372,0.023787051999534015
22,8,0.11647349400118401,0.024878722999346792,0.022267886999543407,0.02248915800009854
22,9,0.10162940800000797,0.024751655000727624,0.021241843998723198,0.022251331000006758
22,10,0.11028437799905078,0.024999949999255477,0.022706810999807203,0.022296376000667806
22,11,0.1176234900012787,0.025459152000621543,0.023328186000071582,0.022365806999005144
22,12,0.1024572000005719,0.025596068999220734,0.022088972000346985,0.02231810699959169
22,13,0.08852763899994898,0.023564528999486356,0.022121842999695218,0.022023324998372118
22,14,0.0917789270006324,0.023518323001553654,0.025529213000481832,0.022954271000344306
22,15,0.09988654900007532,0.02347814700078743,0.024109840998789878,0.022466775999419042
22,16,0.10000516299987794,0.0229893899995659,0.022184931000083452,0.02342933200088737
22,17,0.09511520199885126,0.023703869999735616,0.02143051700113574,0.022884398998940014
22,18,0.09271282800000336,0.02603189599903999,0.022080124999774853,0.028622731000723434
22,19,0.10049354799957655,0.024052834000030998,0.02165286399940669,0.024396714999966207
22,20,0.0903793109991966,0.021959789000902674,0.020819110999582335,0.022991941001237137
22,21,0.09477406299993163,0.024434629998722812,0.02187510099975043,0.021808030000102008
22,22,0.10003859500102408,0.024873133001165115,0.024450991999401595,0.022230904000025475
22,23,0.09722967699963192,0.023081282000930514,0.021881493001274066,0.027562502998989657
22,24,0.09466326400070102,0.024293825999848195,0.021496621000551386,0.03342221300044912
22,25,0.09390189700025076,0.024722279000343406,0.021413966000181972,0.023090726001100847
22,26,0.09307812200131593,0.02440096800091851,0.021123901999089867,0.022168677000081516
22,27,0.09050817400020605,0.024203367000154685,0.021807594999700086,0.022236062999581918
22,28,0.09599579299901961,0.022152800998810562,0.02167503599957854,0.02278787900104362
22,29,0.0916649620012322,0.021854000999155687,0.022141659999761032,0.02365259999896807
22,30,0.09260232999986329,0.02192430299874104,0.022009943999364623,0.023901976999695762
22,31,0.09480334799991397,0.021984885999700055,0.021270977000312996,0.023823820998586598
22,32,0.09193108200088318,0.022080306000134442,0.021309511001163628,0.028726426000503125
22,33,0.10615983300158405,0.02190394399985962,0.02201675599826558,0.04947095200077456
22,34,0.12656929600052536,0.021866304001378012,0.021819347000928246,0.03142942499835044
22,35,0.09567377900020801,0.0217686110008799,0.022670772999845212,0.03015966299972206
22,36,0.0960044690000359,0.021278801999869756,0.022426855999583495,0.02747701299995242
22,37,0.09400484999969194,0.021603101000437164,0.02196403800007829,0.026536158000453725
22,38,0.09215254700029618,0.02202579299955687,0.02267969000058656,0.03141926699936448
22,39,0.09347124000123586,0.02155015199969057,0.022147391999169486,0.025754011001481558
22,40,0.09543977100111078,0.022228683999856003,0.02080610600023647,0.024754175999987638
22,41,0.09173901199937973,0.02256714900067891,0.02145158699931926,0.023338269998930627
22,42,0.08906136000041442,0.0216098939999938,0.021276387999023427,0.024749546999373706
22,43,0.08944482900005823,0.02167905299938866,0.021796052000354393,0.022742041999663343
22,44,0.0898476739985199,0.02232972400088329,0.021898224998949445,0.022386214999642107
23,0,0.7923603039998852,0.7731073900013143,0.719538155999544,0.786717585999213
23,1,0.09884114899978158,0.028852133998952922,0.02569962300003681,0.030444498001088505
23,2,0.10303020399987872,0.026480476000870112,0.02434325899957912,0.03204555100091966
23,3,0.09851974600132962,0.027494238000144833,0.024151268999048625,0.03273790900129825
23,4,0.09131317200080957,0.027573587000006228,0.02436945800036483,0.029091129999869736
23,5,0.0905547509992175,0.026393443000415573,0.022945918999539572,0.027508671999385115
23,6,0.08808931699968525,0.027404428999943775,0.022032164999473025,0.027569244999540388
23,7,0.0972598440002912,0.02448197999910917,0.02120512500005134,0.026782110000567627
23,8,0.09069003399963549,0.023799339000106556,0.022265122999669984,0.027314447999742697
23,9,0.09798275000139256,0.024053225000898237,0.0217367010009184,0.02782263999870338
23,10,0.11376999399908527,0.023294972999792662,0.02159955399838509,0.026569079998807865
23,11,0.10843873700105178,0.02346921999924234,0.02162438000050315,0.03141894600048545
23,12,0.09124400300061097,0.02271140899938473,0.021577493000222603,0.033841970000139554
23,13,0.09756391500013706,0.022899921999851358,0.02193814900056168,0.026711227001214866
23,14,0.09929011100030039,0.022445631000664434,0.022986694999417523,0.024557888000344974
23,15,0.09568954899987148,0.021968304999973043,0.02219535100084613,0.037819780000063474
23,16,0.0924053710004955,0.022717271000146866,0.02172697199966933,0.027667510001265327
23,17,0.10432588399999077,0.0219595290000143,0.023062537000441807,0.0257322400011617
23,18,0.09455931000047713,0.02181737299906672,0.022282324000116205,0.023022006998871802
23,19,0.09515137999915169,0.022513568001159,0.022061982001105207,0.024289865001264843
23,20,0.10598319200107653,0.022854798000480514,0.021365134000006947,0.023708245000307215
23,21,0.11143848199935746,0.023549371000626707,0.021771896999780438,0.024754687001404818
23,22,0.09805139800118923,0.02357581000069331,0.021854753000297933,0.023556269999971846
23,23,0.09972444599952723,0.022427677000450785,0.02187372800108278,0.02547317400058091
23,24,0.08826615900034085,0.02331812699958391,0.02224391299932904,0.023337910000918782
23,25,0.10318888300025719,0.022912324999197153,0.022847804000775795,0.023257959999682498
23,26,0.09674903599989193,0.022729643000275246,0.02332955799829506,0.022723777999999584
23,27,0.11493300500114856,0.022176286000103573,0.02238123999995878,0.02261331100089592
23,28,0.1114149080003699,0.026407228999232757,0.021930864999376354,0.022266210000452702
23,29,0.11503701000037836,0.026813279999259976,0.022461399999883724,0.02263198599939642
23,30,0.10909535800055892,0.023560099998576334,0.022160364998853765,0.022233739000512287
23,31,0.0974951059997693,0.024808602000121027,0.021941905999483424,0.022261731999606127
23,32,0.09896951000155241,0.023640190998776234,0.0224283480001759,0.024285718000101042
23,33,0.100895332001528,0.02411186499921314,0.02276982799958205,0.025432247999560786
23,34,0.10058514900083537,0.022992064999925788,0.02185612499852141,0.02309594599864795
23,35,0.08892602599917154,0.02472743900034402,0.02168899200114538,0.021297242001310224
23,36,0.10558002700054203,0.022615670000959653,0.020955846999640926,0.021985694000250078
23,37,0.10404310400008399,0.023840476000259514,0.021682218999558245,0.021080104999782634
23,38,0.09649449900098261,0.02344664700103749,0.022732879000614048,0.02400370899886184
23,39,0.10760442200080433,0.02380097200148157,0.023280145000171615,0.02362768399871129
23,40,0.10575448400049936,0.02511370399952284,0.02266954100014118,0.023595632999786176
23,41,0.10884165300012683,0.02414718199906929,0.021615564000967424,0.02379473700057133
23,42,0.10447643599945877,0.024656487001266214,0.020881258000372327,0.021843156000613817
23,43,0.09527388000060455,0.023690195001108805,0.021731201000875444,0.021791028999359696
23,44,0.11493971800155123,0.025263444998927298,0.021419927001261385,0.022982854001384112
24,0,0.7664870859989605,0.7465503100011119,0.7123694229994726,0.7935761389999243
24,1,0.08747588600090239,0.02648577599939017,0.025597019999622717,0.026768974999868078
24,2,0.08674581800005399,0.026547561999905156,0.023681677999775275,0.037338527999963844
24,3,0.08943764600007853,0.026417368000693386,0.02364378700076486,0.03520354399915959
24,4,0.09189210800104775,0.02685956800087297,0.023846636999223847,0.03510675200050173
24,5,0.09088617199995497,0.02570125599959283,0.022394244000679464,0.030367433000719757
24,6,0.116104462000294,0.024531352000849438,0.022388604000298074,0.028771039000275778
24,7,0.1023453999987396,0.02498801900037506,0.021991138000885257,0.026750900999104488
24,8,0.10209917899919674,0.024340964999282733,0.022462601998995524,0.024466216998916934
24,9,0.09329754499958653,0.02449772900035896,0.021447058001285768,0.02764021899929503
24,10,0.09910000499985472,0.024118356999679236,0.021989184000631212,0.028190601000460447
24,11,0.09803574000034132,0.025677882000309182,0.021972232998450636,0.031014948001029552
24,12,0.09837501599940879,0.025939742999980808,0.022224687001653365,0.02664482200088969
24,13,0.09356873300021107,0.0240770500004146,0.021505147000425495,0.02774431400030153
24,14,0.10377139499905752,0.025308379001216963,0.021523200999581604,0.026911863000350422
24,15,0.09843181200085382,0.02460305600106949,0.022458593999544973,0.02689075299895194
24,16,0.10527923200061196,0.02567938399988634,0.022156498998811003,0.02551800899891532
24,17,0.09132071699968947,0.025232386000425322,0.02177102499990724,0.02777465100007248
24,18,0.09391748599955463,0.024428238000837155,0.022432076000768575,0.023581146000651643
24,19,0.09723385500001314,0.026338641000620555,0.021997119001753163,0.027259836000666837
24,20,0.09779658099978406,0.02401259900034347,0.021153617999516428,0.028115029001128278
24,21,0.09850485899914929,0.026974192000125186,0.021953236999252113,0.032923778000622406
24,22,0.09605569599989394,0.025181230001180666,0.022829219999039196,0.026896944000327494
24,23,0.09796985600041808,0.0250733479988412,0.02233514399995329,0.025195524000082514
24,24,0.09384240600047633,0.024091076000331668,0.02166318400122691,0.025362275999214035
24,25,0.09867725200092536,0.024910361998990993,0.02267444999961299,0.02327837799930421
24,26,0.10338411900011124,0.02338728699942294,0.023897732999103027,0.02198783799940429
24,27,0.08957159700003103,0.02516790600020613,0.021614872999634827,0.02163249099976383
24,28,0.10289913999986311,0.02440438399935374,0.021697979000236955,0.02195462500094436
24,29,0.10247964200061688,0.024228172998846276,0.02197156199872552,0.022537950000696583
24,30,0.09551301800092915,0.024279650000607944,0.021585428001344553,0.021980023000651272
24,31,0.08974068400129909,0.027276599999822793,0.021643877000315115,0.02317637699889019
24,32,0.105537376999564,0.025354875999255455,0.021577944000455318,0.022334368000883842
24,33,0.10170062099859933,0.02577531499991892,0.021870792001209338,0.022057358000893146
24,34,0.11354586400011613,0.02412690399978601,0.022155717000714503,0.02425367799878586
24,35,0.10463187900131743,0.02529580500049633,0.022473412998806452,0.02291154999875289
24,36,0.11786286899950937,0.025605036000342807,0.02138703600030567,0.022706003999701352
24,37,0.0925461049992009,0.02348435900057666,0.022222482000870514,0.021655926000676118
24,38,0.09602115099914954,0.02256586600014998,0.022599859999900218,0.022447459999966668
24,39,0.09557303099973069,0.02219644300021173,0.021487173000423354,0.023247790000823443
24,40,0.08816866599954665,0.022677304999888293,0.020953651999661815,0.02261302999977488
24,41,0.08975316699979885,0.02215927399993234,0.0215706399994815,0.02643162200001825
24,42,0.09972255200045765,0.021838291999301873,0.02125536800122063,0.027705931999662425
24,43,0.10269164999954228,0.022386119999282528,0.022595922999244067,0.026939204000882455
24,44,0.10006933300064702,0.023393969000608195,0.023043642000629916,0.026331154000217794
25,0,0.7863706419993832,0.7599433350005711,0.7138045739993686,0.7576743359986722
25,1,0.09068177900007868,0.025422042001082445,0.02525263400093536,0.02897976100030064
25,2,0.09146820400019351,0.02552937399923394,0.0247064400009549,0.026274837999153533
25,3,0.09912290799911716,0.024783504000879475,0.024590382001406397,0.026887787000305252
25,4,0.09130455600097775,0.02679251200061117,0.025507952999760164,0.02633092299947748
25,5,0.0987281770012487,0.024874124999769265,0.022713592001309735,0.022796264000135125
25,6,0.08928031100003864,0.023933651000334066,0.021893997000006493,0.023326880000240635
25,7,0.10898715599978459,0.024326658000063617,0.021923350999713875,0.023734332999083563
25,8,0.08820724799988966,0.033411493999665254,0.021670096000889316,0.0225376390008023
25,9,0.0904541119998612,0.03622019100112084,0.022612172999288305,0.02364342399960151
25,10,0.09162745200046629,0.04132392100109428,0.021737813998697675,0.02312778599844023
25,11,0.10838793200127839,0.028164315001049545,0.022113046999947983,0.02318249799827754
25,12,0.09420777099876432,0.026002941000115243,0.02183383400006278,0.023740874999930384
25,13,0.09021263900103804,0.027900940000108676,0.022673628000120516,0.024601971001175116
25,14,0.09237524399941321,0.027673542999764322,0.022053644999687094,0.027629348000118625
25,15,0.09195868399910978,0.029529043000366073,0.021514374999242136,0.02435749200049031
25,16,0.08829830900140223,0.026321889001337695,0.022670731999824056,0.024028976000408875
25,17,0.08806274800008396,0.025922430000719032,0.02132571100082714,0.026459374001206015
25,18,0.09321265399921685,0.027435857999080326,0.022558071999810636,0.02585330700094346
25,19,0.09420374299952528,0.02722036399973149,0.02260971900068398,0.025761114999113488
25,20,0.09740574699935678,0.02293767300034233,0.02096882200021355,0.02420812200034561
25,21,0.09681573100169771,0.022895775000506546,0.022578889998840168,0.024022373001571395
25,22,0.09335974100031308,0.022507197001687018,0.022637009000391117,0.025833559999227873
25,23,0.08993780399941897,0.02345071600029769,0.022309945999950287,0.026790054000230157
25,24,0.08907830100179126,0.023393568000756204,0.02196899599948665,0.025064448000193806
25,25,0.09180257099978917,0.023208700999020948,0.02276921799966658,0.024258236000605393
25,26,0.08950673499930417,0.023007012998277787,0.02293827399989823,0.024932140000601066
25,27,0.08808613099972717,0.02246023800034891,0.02293247300076473,0.026386176999949384
25,28,0.08951969999907305,0.023133689999667695,0.022172168000906822,0.023755502999847522
25,29,0.08775809699909587,0.02308763499968336,0.021695374000046286,0.024481513999489835
25,30,0.08948696799961908,0.023014837999653537,0.02181356499932008,0.026412987001094734
25,31,0.08980557600079919,0.025285375999374082,0.0221495749992755,0.022695375000694185
25,32,0.0890853849996347,0.026819171998795355,0.02203349800038268,0.022721665000062785
25,33,0.0869199650005612,0.025705854000989348,0.02284289599992917,0.024075272000118275
25,34,0.08592139100073837,0.02576670799862768,0.022235646998524317,0.023113087998353876
25,35,0.08614127400142024,0.02638423700045678,0.02221661099974881,0.02167944899883878
25,36,0.08921371500036912,0.024832566999975825,0.021165871001358028,0.024931759000537568
25,37,0.0864379109989386,0.024734904000069946,0.021775683999294415,0.02623836899874732
25,38,0.08656544900077279,0.026032157000372536,0.022242078999624937,0.025561399999787682
25,39,0.08700613599830831,0.02423283200005244,0.02118850300030317,0.023630068000784377
25,40,0.08873580900035449,0.02583266199872014,0.02168960300150502,0.02320929900088231
25,41,0.09054055399974459,0.025122469998677843,0.021536176000154228,0.021125500999914948
25,42,0.09546227300052124,0.023679854999500094,0.021657522000168683,0.021730985999965924
25,43,0.1087648580014502,0.024469816000419087,0.02223427500030084,0.02145851500063145
25,44,0.08727784499933477,0.02369798900144815,0.02174941500015848,0.02227992600091966
26,0,0.7523246580003615,0.7808882910012471,0.7141507830001501,0.7575501930004975
26,1,0.09549110700027086,0.026666675999877043,0.02556321699921682,0.02628324400029669
26,2,0.09715664100076538,0.024405255000601755,0.024640636998810805,0.026402617999337963
26,3,0.11174520799977472,0.02465303000099084,0.02701255500141997,0.026604906999637024
26,4,0.10214938299941423,0.02462174100037373,0.024696260999917286,0.0265132349995838
26,5,0.10600275899923872,0.02531345799980045,0.022955376000027172,0.02566528500028653
26,6,0.1118700520000857,0.025659577000624267,0.02257408199875499,0.026497536000533728
26,7,0.10177414900135773,0.024163431000488345,0.023549259998617345,0.026805012001204886
26,8,0.10333257199999935,0.024397430001044995,0.022908418000952224,0.03015723899989098
26,9,0.09325355100008892,0.022982116999628488,0.022385608999684337,0.029655497999556246
26,10,0.08781837900096434,0.024485996000294108,0.02186569300101837,0.0266853680004715
26,11,0.0955212440003379,0.026241830000799382,0.021842349000507966,0.02721650400053477
26,12,0.0967088209999929,0.02399212999989686,0.023837781000111136,0.029540953000832815
26,13,0.10672937100025592,0.023736791999908746,0.022400947000278393,0.02645730999938678
26,14,0.10441953000008652,0.023264075000042794,0.022722109000824275,0.024496452999301255
26,15,0.10549640900171653,0.024651456998981303,0.022920641000382602,0.023528628000349272
26,16,0.10376918100155308,0.025242575000447687,0.022058835998905124,0.023266325999429682
26,17,0.0995729010010109,0.024784806999377906,0.02211664300011762,0.024045375999776297
26,18,0.09840227700078685,0.021777707999717677,0.022278307000306086,0.024650171000757837
26,19,0.09790987400083395,0.023407534999932977,0.025110106998909032,0.0221596800001862
26,20,0.0908784769999329,0.023055453999404563,0.021774392000224907,0.02246221800123749
26,21,0.0946934509993298,0.02369366099992476,0.02185080599883804,0.023656016999666463
26,22,0.09993065200069395,0.02212669199980155,0.021989374999975553,0.02287420999891765
26,23,0.1034410560005199,0.022823999999673106,0.021535854000831023,0.023432578000210924
26,24,0.09417664200009312,0.02239078799902927,0.021830275998581783,0.022707337000611005
26,25,0.10085739999885845,0.023804157999620656,0.023168516001533135,0.024041319000389194
26,26,0.1043100749993755,0.022748267998395022,0.02188093099903199,0.022557726999366423
26,27,0.09967231799964793,0.02235927800029458,0.021803497000291827,0.024329950001629186
26,28,0.10496091599998181,0.023250318999998854,0.02332362800007104,0.024433624999801395
26,29,0.09265145199969993,0.02302420500018343,0.023245972000950132,0.024193023999032448
26,30,0.0973881749996508,0.022791729999880772,0.02215948400043999,0.02279863799958548
26,31,0.09723779300111346,0.02357191199916997,0.021567464000327163,0.02291657999921881
26,32,0.09888207599942689,0.023345728001004318,0.021449301999382442,0.022376868000719696
26,33,0.09163273199919786,0.02245152199975564,0.02241015400068136,0.024905468999349978
26,34,0.09287281700017047,0.022980294001172297,0.022433076999732293,0.022879900998304947
26,35,0.0976340249999339,0.023038212000756175,0.024109560999932,0.022695585999827017
26,36,0.10324480800045421,0.02211231499859423,0.02198652000151924,0.021779456999865943
26,37,0.10127257900057884,0.02231758099878789,0.02289351999934297,0.02120184299928951
26,38,0.1099515040004917,0.022811165999883087,0.02314157500040892,0.02246646500134375
26,39,0.0942153750002035,0.02163851700061059,0.02245663200119452,0.024268905999633716
26,40,0.10035996700025862,0.023227908000990283,0.021799148998979945,0.02340524600003846
26,41,0.09665138300078979,0.022187286000189488,0.02365970800019568,0.024303231000885717
26,42,0.10006802000134485,0.021465993000674644,0.021752700999059016,0.022520196000186843
26,43,0.1044264629999816,0.020871628999884706,0.021617677999529405,0.023099894000552013
26,44,0.10899457900086418,0.021191619000092032,0.02195771600054286,0.022642695999820717
27,0,0.7673923929996818,0.7997516539999197,0.7133629760010081,0.7755491000007169
27,1,0.08766099399872473,0.03327696099950117,0.026597336000122596,0.027038289999836707
27,2,0.08673218200055999,0.027927400000407943,0.024855039000613033,0.026216850001219427
27,3,0.09817985000154295,0.027023074999306118,0.02577474300051108,0.02607023400014441
27,4,0.09617825599889329,0.02628420799919695,0.024859647999619483,0.024716625999644748
27,5,0.09214943000006315,0.024905854001190164,0.02283146400077385,0.024217228999987128
27,6,0.09108385299987276,0.02547017200049595,0.022681653999825357,0.026726365000286023
27,7,0.08994318300028681,0.02605179300007876,0.02267144399957033,0.024833253999531735
27,8,0.09749976400053129,0.025532489000397618,0.022207594000065,0.023791159999746014
27,9,0.10369658499985235,0.02395859800162725,0.022693265998896095,0.022963486999287852
27,10,0.09351415899982385,0.024391859999013832,0.02411346900044009,0.022989095999946585
27,11,0.09777349700016202,0.023106869999537594,0.022881246999531868,0.022289643999101827
27,12,0.10898421999991115,0.023431129000528017,0.022424079999836977,0.02339803200084134
27,13,0.10347824500058778,0.022637609999947017,0.02267378800024744,0.025105664999500732
27,14,0.1047144730000582,0.02379173500048637,0.02209294000022055,0.02368240599935234
27,15,0.10027633000026981,0.02315348800038919,0.022428648999266443,0.0240381730000081
27,16,0.09596734000115248,0.02270338400012406,0.022110271998826647,0.024237837000328
27,17,0.09076992399968731,0.022530951000589994,0.02168287999847962,0.024091814000712475
27,18,0.08866866300013498,0.022413921000406845,0.02238596899951517,0.022832421998828067
27,19,0.09747491699999955,0.022383192999768653,0.022020293001332902,0.022583624999242602
27,20,0.09034306300054595,0.021479828999872552,0.021372829000029014,0.023154775999501
27,21,0.09458189200086053,0.022197305001100176,0.022275991999777034,0.02303171600033238
27,22,0.08973728800083336,0.02223651799977233,0.022113348000857513,0.02240130300015153
27,23,0.09014810799999395,0.021764302999145002,0.02236720400105696,0.02210287299931224
27,24,0.09002657000019099,0.023052247999657993,0.023434124999766937,0.021507367000594968
27,25,0.08773226800076372,0.02263901399965107,0.021841928000867483,0.020857859000898316
27,26,0.08986951599945314,0.02234772700103349,0.021502141000382835,0.02225301599901286
27,27,0.08877346999906877,0.02230422600041493,0.022118686998510384,0.021604237999781617
27,28,0.08930191199942783,0.02267244600079721,0.023909637000542716,0.021795818000100553
27,29,0.08798133399977814,0.02165698200042243,0.02309068000067782,0.021967910999592277
27,30,0.08997102499961329,0.022935510000024806,0.023636894000446773,0.021803952999107423
27,31,0.08742470099969069,0.02165187200080254,0.023938068999996176,0.021917115000178455
27,32,0.0897778130001825,0.022157440000228235,0.023428374001014163,0.022469421999630868
27,33,0.09055913900010637,0.022088470999733545,0.022415794999687932,0.022310612999717705
27,34,0.09035504599887645,0.022159935000672704,0.023207559001093614,0.022647906000202056
27,35,0.09123310299946752,0.02200127799915208,0.022605149999435525,0.022176472000865033
27,36,0.09430341999905067,0.02157174199965084,0.02168620599877613,0.02269141800024954
27,37,0.09664360899841995,0.022081167000578716,0.021427411998956813,0.023021446000711876
27,38,0.09502363100000366,0.02171336799983692,0.02247751000140852,0.0229681469991192
27,39,0.09406585500073561,0.02237986700129113,0.023343674998614006,0.022797506000642898
27,40,0.0928538620009931,0.02336242899946228,0.021470322000823217,0.022886222999659367
27,41,0.09227397399990878,0.027601058000072953,0.022446331999162794,0.022850145000120392
27,42,0.08956386300087615,0.023657192999962717,0.022062602000005427,0.023671304999879794
27,43,0.09107592799955455,0.024158012000043527,0.022220988999833935,0.023190473000795464
27,44,0.09188821099996858,0.02311425399966538,0.02297392100081197,0.022969748999457806
28,0,0.785877526999684,0.7568820139986201,0.7113125010000658,0.7461664429993107
28,1,0.09230736599965894,0.025632135999330785,0.024808420999761438,0.024727948000872857
28,2,0.09087220600122237,0.025441579000471393,0.023671109000133583,0.02341979300035746
28,3,0.09546297499946377,0.02574383499995747,0.02312590600013209,0.023802300000170362
28,4,0.09341110700006539,0.027927830000407994,0.023993373000848806,0.024537710000004154
28,5,0.0895199299993692,0.024629806999655557,0.024176036000426393,0.023024632000669953
28,6,0.08792137199998251,0.025058740999156726,0.02243593299863278,0.021976497000650852
28,7,0.08992124299948046,0.024465999000312877,0.021837550000782358,0.022008255999026005
28,8,0.09228875200096809,0.02394932100105507,0.0222068830007629,0.021857202000319376
28,9,0.09264791599889577,0.023682080000071437,0.022369958998751827,0.021865888998945593
28,10,0.09617885700026818,0.02332797499911976,0.02165124099883542,0.022009027999956743
28,11,0.0944840390002355,0.024341094000192243,0.02217838900105562,0.022165850999954273
28,12,0.09479210700010299,0.026310056999136577,0.02313926099850505,0.023424883000188856
28,13,0.09314526900016062,0.02292362700063677,0.02265729800092231,0.02294328000061796
28,14,0.09231815699968138,0.023646442001336254,0.022593689000132144,0.022086372999183368
28,15,0.1067442490002577,0.02431024699944828,0.022646626999630826,0.02265919699857477
28,16,0.11643313800050237,0.025503614999252022,0.022377552999387262,0.022240741998757585
28,17,0.10352182700080448,0.025461305000135326,0.02200300099866581,0.02266352500009816
28,18,0.09288225500131375,0.024761794000369264,0.021969126999465516,0.02123224099887011
28,19,0.11105073500038998,0.024958541998785222,0.021601717999146786,0.02273388699904899
28,20,0.09148001599896816,0.02448018500035687,0.021031459000369068,0.02440304799893056
28,21,0.0945984040008625,0.026028660000520176,0.02153459199871577,0.023313765001148568
28,22,0.10135678699953132,0.02607697999883385,0.02188122300140094,0.02191536099962832
28,23,0.09801904699997976,0.024006497998925624,0.021258785000100033,0.022562967000339995
28,24,0.11288119699929666,0.02406660999986343,0.022036664000552264,0.022693270999297965
28,25,0.10228907500095374,0.024131602000124985,0.022106925000116462,0.021917025000220747
28,26,0.10684134100119991,0.022629163999226876,0.022370239001247683,0.02176495999992767
28,27,0.09921197400035453,0.022799815000325907,0.02215938399967854,0.02260339199892769
28,28,0.1088201319998916,0.022909190000063973,0.022478061000583693,0.021924569000475458
28,29,0.10255048499857367,0.024312391000421485,0.02193192800041288,0.023177398999905563
28,30,0.10274441899855447,0.024331175998668186,0.0218095580003137,0.022025087999281823
28,31,0.09996287200010556,0.023944390999531606,0.021684954001102597,0.021797150000566035
28,32,0.08951310699922033,0.024516634999599773,0.022568129999854136,0.022050555000532768
28,33,0.10808148700016318,0.024278998000227148,0.02156734299933305,0.02324202999989211
28,34,0.09910572500120907,0.024568792001446127,0.023032090999549837,0.02284851199874538
28,35,0.10195395600021584,0.024557550999816158,0.02171649400042952,0.021837174999745912
28,36,0.0959875379994628,0.023203321999972104,0.021189926001170534,0.022545374000401353
28,37,0.09938306600088254,0.023870692999480525,0.02246031899994705,0.021217052000793046
28,38,0.0985256969997863,0.02422711100007291,0.021154719001060585,0.022183936000146787
28,39,0.10097542100083956,0.022312470999168,0.022001538000040455,0.022769494000385748
28,40,0.09230693599965889,0.025201108001056127,0.022008550999089493,0.02247469099893351
28,41,0.10499234400049318,0.023295613998925546,0.021930454000539612,0.02149231899966253
28,42,0.08905817400045635,0.02290285699928063,0.021152887000425835,0.02266222199978074
28,43,0.0867154709994793,0.022949766000238014,0.02228117199956614,0.02193692199944053
28,44,0.09780101899923466,0.02383228100006818,0.023026259001198923,0.022928822001631488
29,0,0.7409708070008492,0.7733286450002197,0.7360529739999038,0.716122825999264
29,1,0.0879287169991585,0.026972970999850077,0.024791199000901543,0.025950038998416858
29,2,0.08658973499950662,0.0269075870000961,0.02429127100003825,0.024633510000057868
29,3,0.0903907829997479,0.025593272999685723,0.02365240400104085,0.0238410029996885
29,4,0.0995873380015837,0.02652348699848517,0.02535621900096885,0.02433781500076293
29,5,0.0869168589997571,0.02585825999994995,0.022704615999828093,0.023558373999549076
29,6,0.08731922399965697,0.024014783000893658,0.021833172000697232,0.023076759000105085
29,7,0.08668773899989901,0.024118056999213877,0.023047829999995884,0.02178916599950753
29,8,0.0894897830003174,0.024160887000107323,0.022595210999497795,0.02195540700085985
29,9,0.08954208199975255,0.02421364600013476,0.022027525999874342,0.02178897500016319
29,10,0.09069718799946713,0.023861375000706175,0.02230987599978107,0.021419221999167348
29,11,0.09070241700101178,0.024213225000494276,0.022978541001066333,0.022643195999989985
29,12,0.10264832799839496,0.02685056100017391,0.022135078001156216,0.022049442999559687
29,13,0.10236693099977856,0.02343616799953452,0.021797244999106624,0.02238203700107988
29,14,0.09689522099870373,0.024637329999677604,0.023586519999298616,0.02313249500002712
29,15,0.09178984599930118,0.024655885001266142,0.02252237500033516,0.022978555000008782
29,16,0.08782348800014006,0.022648550999292638,0.02208971400068549,0.022661913000774803
29,17,0.08915200000046752,0.02294097999947553,0.02185675599866954,0.022637235999354743
29,18,0.09891053899991675,0.022542241000337526,0.022177097000167123,0.021739402000093833
29,19,0.08801284299988765,0.022580314000151702,0.0225963730008516,0.022361979999914183
29,20,0.0875716669997928,0.022025522999683744,0.02137500299977546,0.02273868600059359
29,21,0.08805044399923645,0.02250514200022735,0.021527237999180215,0.0222099740003614
29,22,0.09181815000010829,0.02185001299949363,0.02286027799891599,0.023056801999700838
29,23,0.08760371700009273,0.02174975500020082,0.02191284199943766,0.021956119000606122
29,24,0.08973192699886567,0.022334721999868634,0.022524558000441175,0.021364398999139667
29,25,0.08649015800074267,0.02249836999908439,0.022540279000168084,0.020984816999771283
29,26,0.08925415100020473,0.02223297199998342,0.022767353999370243,0.022792646999732824
29,27,0.0880001400000765,0.02159505500094383,0.02181216300050437,0.021846803998414543
29,28,0.08845435100010945,0.02199182999902405,0.021815129000970046,0.021166708000237122
29,29,0.08884388200021931,0.022884212999997544,0.02219525100008468,0.021550477998971473
29,30,0.0885263969994412,0.022651545999906375,0.022366471999703208,0.021533084000111558
29,31,0.09020287999919674,0.02301276400066854,0.022087097999246907,0.021506324999791104
29,32,0.08863087299869221,0.021882364999328274,0.022845600000437116,0.022006752999004675
29,33,0.09001609000006283,0.02217998300147883,0.02200028500010376,0.022314038998956676
29,34,0.08999460000086401,0.023305744000026607,0.02173367499926826,0.02167574200029776
29,35,0.09091851199991652,0.02293366499907279,0.023268373999599135,0.02120513999943796
29,36,0.0916181240008882,0.02345532499930414,0.02217997199841193,0.021865418000743375
29,37,0.08877267800016853,0.02197057900048094,0.022382872999514802,0.02129379600046377
29,38,0.08848719300112862,0.02279913399979705,0.02212095199865871,0.021974913999656565
29,39,0.09094988200013177,0.021681337000700296,0.021840004999830853,0.021794885000417707
29,40,0.08951762600008806,0.022966646998611395,0.021658945999661228,0.023474777000956237
29,41,0.08908674800113658,0.02261505800015584,0.021900529000049573,0.02193593099946156
29,42,0.09018925499913166,0.022293104000709718,0.02152044600006775,0.02258683100080816
29,43,0.08950669499972719,0.02275114400072198,0.021980158000587835,0.022040847999960533
29,44,0.09055043199987267,0.022992115000306512,0.02164131199970143,0.021627582998917205
30,0,0.757958502999827,0.7704780800013395,0.7154733940005826,0.7138883959996747
30,1,0.10065525099889783,0.026189731999693322,0.025409988998944755,0.025581518000763026
30,2,0.10031215800154314,0.0249153219992877,0.0241996000004292,0.024645813000461203
30,3,0.09894590600015363,0.025766928998564254,0.023989565999727347,0.02482515900010185
30,4,0.09209518900024705,0.025496080999801052,0.02493650199903641,0.024806123999951524
30,5,0.093169965000925,0.023878927999248845,0.023611918000824517,0.02282008899965149
30,6,0.09329848600100377,0.02356203500130505,0.023166102000686806,0.022234248999666306
30,7,0.09127173600063543,0.023080901999492198,0.022227612000278896,0.022551654999915627
30,8,0.09481979900010629,0.02435249599875533,0.023319248999541742,0.022141266001199256
30,9,0.0950680440000724,0.024455308999677072,0.022144935999676818,0.0237277609994635
30,10,0.09767814800034103,0.024177488001441816,0.02317347600001085,0.021951259001070866
30,11,0.1018929929996375,0.023847899999964284,0.022529388001203188,0.022432812000261038
30,12,0.09368503999940003,0.024073262999081635,0.022815254000306595,0.02315339400047378
30,13,0.09086700599982578,0.022502937999888672,0.02315207599895075,0.022424646998842945
30,14,0.09008453900059976,0.024147271999026998,0.022565745000974857,0.021846662999450928
30,15,0.09909092800080543,0.024658529999214807,0.02305439299925638,0.023564786000861204
30,16,0.09202535899930808,0.023527790001026005,0.02370208700085641,0.021987287000229117
30,17,0.09015497099971981,0.026056841999889002,0.021937077000984573,0.022214853001059964
30,18,0.09671421100028965,0.022758888999305782,0.02210036299948115,0.02179738099948736
30,19,0.09030993099986517,0.024450240000078338,0.022898820001501008,0.023479866998968646
30,20,0.09363359400049376,0.022956177999731153,0.021386464999523014,0.02346215299985488
30,21,0.09495463199891674,0.022521812999912072,0.02290293799887877,0.02209674199912115
30,22,0.09921104299974104,0.023274754999874858,0.021808695999425254,0.022395832998881815
30,23,0.10979445899829443,0.022982487000263063,0.021403156000815216,0.022447430001193425
30,24,0.12057157900017046,0.023434634998920956,0.021431168001072365,0.02244575700024143
30,25,0.09804953599996225,0.02349861499897088,0.021810448999531218,0.022295566001048428
30,26,0.09518696700069995,0.02372435899997072,0.022337657999742078,0.022738565998224658
30,27,0.09736997999971209,0.02358546799951,0.02164463799999794,0.02244145800068509
30,28,0.09483088900014991,0.023813165000319714,0.022211862000403926,0.022093677000157186
30,29,0.111067676998573,0.023899036001239438,0.02151534599943261,0.022295654000117793
30,30,0.08969299400087039,0.023259457000676775,0.021160420999876806,0.02240430900019419
30,31,0.08731308200003696,0.02340746399931959,0.022171827000420308,0.022893235998708406
30,32,0.08817333399929339,0.023376887000267743,0.022425502000260167,0.02273460800097382
30,33,0.08659203999923193,0.023532188000899623,0.0220505890010827,0.02264545099933457
30,34,0.08658753099916794,0.02412219500001811,0.022927314001208288,0.022112149999884423
30,35,0.0868248560000211,0.02397162300076161,0.021522720000575646,0.023235668000779697
30,36,0.0914437369992811,0.022909421000804286,0.02212809500088042,0.023807370000213268
30,37,0.08883667900045111,0.02299871799914399,0.023520936998465913,0.0211347479998949
30,38,0.09391688499999873,0.023361067000223557,0.02185610599917709,0.02245801899880462
30,39,0.09175758600031259,0.02206204100002651,0.022295639999356354,0.021822458000315237
30,40,0.08900013499987836,0.02213910600039526,0.020950916999936453,0.024268013999972027
30,41,0.09286440100004256,0.021791033001136384,0.02163978999851679,0.02274744199894485
30,42,0.09182851900004607,0.02217468200069561,0.021905968998908065,0.021380778998718597
30,43,0.09378209299939044,0.021270576999086188,0.021992691999912495,0.0227337569995143
30,44,0.0929969409990008,0.022543914999914705,0.02156039100009366,0.022815629999968223
31,0,0.7482272739998734,0.7717639410002448,0.7194984210000257,0.7092970249996142
31,1,0.08737397499862709,0.02835511199918983,0.024258288998680655,0.02392504100134829
31,2,0.08901948099992296,0.02676059199984593,0.023606306998772197,0.02344118400105799
31,3,0.09355993599820067,0.025299472001279355,0.02301849400100764,0.023564995000924682
31,4,0.09083065800041368,0.024940579000030993,0.023801642999387695,0.023355342000286328
31,5,0.08975470999939716,0.024516244000551524,0.02242644400030258,0.022989717001109966
31,6,0.09134285899926908,0.023732073001156095,0.022388773000784568,0.022681858999931137
31,7,0.09234285399907094,0.02384484499998507,0.021760626001196215,0.02215846800027066
31,8,0.08798811799897521,0.024131873000442283,0.02116025999930571,0.023082480998709798
31,9,0.08934797800066008,0.024285571000291384,0.022350973000357044,0.022161714001413202
31,10,0.08843060799881641,0.024367644000449218,0.023014166001303238,0.021839300001374795
31,11,0.08865148200129624,0.024093009998978232,0.023937949999890407,0.023338119999607443
31,12,0.09003622800082667,0.024182797998946626,0.02285735300029046,0.023668579999139183
31,13,0.08673080900007335,0.023450594999303576,0.024721148000026005,0.022370705999492202
31,14,0.08693952099929447,0.024195722000513342,0.022306590000880533,0.02278797899998608
31,15,0.09430505399905087,0.024310577999131056,0.023064520999469096,0.023301601000639494
31,16,0.08962593900105276,0.025122600998656708,0.02202269700137549,0.023382573999697343
31,17,0.09068518500134815,0.023487534999730997,0.02146304800044163,0.023853927999880398
31,18,0.09807296899998619,0.02400961199964513,0.02351497600102448,0.022005060000083176
31,19,0.0898817980014428,0.024210088999097934,0.022438206999140675,0.02346698200017272
31,20,0.09026151099897106,0.023571882000396727,0.02183053699991433,0.02374374999999418
31,21,0.08920340599979681,0.024111744998663198,0.02284630299982382,0.023518097999840393
31,22,0.08642458499889472,0.02269272400008049,0.022589109999898938,0.02324452500033658
31,23,0.08673902499867836,0.02164905700010422,0.022460868998678052,0.023492510001233313
31,24,0.08663633299875073,0.02296888199998648,0.02257210700008727,0.023222403000545455
31,25,0.094764285000565,0.02450756800135423,0.022772483998778625,0.02365220899991982
31,26,0.09314841400009755,0.02302881399918988,0.022745391999706044,0.02327936999972735
31,27,0.08846556200114719,0.021670366999387625,0.02175634800005355,0.02313743400009116
31,28,0.08813409200047317,0.022788432999732322,0.02170685499913816,0.02268216999982542
31,29,0.08688324600007036,0.022790257000451675,0.02285404699978244,0.022688441998980124
31,30,0.08711459900041518,0.022671042999718338,0.02181206299974292,0.022467115999461384
31,31,0.08962151999912749,0.022325415000523208,0.022730665001290618,0.022648567999567604
31,32,0.08919232600055693,0.02263281199884659,0.02226069400057895,0.023118008000892587
31,33,0.0873629660000006,0.023759494000842096,0.02248946299914678,0.022591078999539604
31,34,0.08749256800001604,0.022262037000473356,0.02152848100013216,0.023087610001311987
31,35,0.08755579700118687,0.022294868000244605,0.02235373900111881,0.022541475998878013
31,36,0.08896982799888065,0.02143281099961314,0.02238455599945155,0.024317367000548984
31,37,0.08800988800066989,0.022384736001185956,0.02183225999942806,0.022247355000217794
31,38,0.08800990800045838,0.0225154610016034,0.022929196999029955,0.022495348999655107
31,39,0.08729929599940078,0.0212378849992092,0.023532277999038342,0.02308692899896414
31,40,0.08785409600022831,0.022823689998404006,0.021607067999866558,0.02327656499983277
31,41,0.08866148000015528,0.022422436999477213,0.022254673000134062,0.022205295999810915
31,42,0.08811394400072459,0.02217225799904554,0.022774176999519113,0.02368029200079036
31,43,0.0885227999988274,0.0221492450000369,0.02438582900140318,0.023035603000607807
31,44,0.08641400600026827,0.022241757998926914,0.021360295999329537,0.02334100500047498
32,0,0.7400666810008261,0.7823715520007681,0.7260279960009939,0.7518498329991417
32,1,0.08692391299882729,0.025467126999501488,0.026868484999795328,0.02647900100055267
32,2,0.0955537040008494,0.02562405100070464,0.024517476000255556,0.026358604998677038
32,3,0.10432290799872135,0.024420192999969004,0.0243814810000913,0.026232277999952203
32,4,0.09390100599921425,0.024931091000325978,0.02488212899879727,0.02626930699989316
32,5,0.09723522800049977,0.023988935001398204,0.02299058300013712,0.023831986998629873
32,6,0.08831272600036755,0.022985924000749947,0.021303198000168777,0.02295723599854682
32,7,0.0892758119989594,0.022784916998716653,0.022371020999344182,0.02285631699851365
32,8,0.08868169800007308,0.022323482000501826,0.022035832998881233,0.02241044099901046
32,9,0.09033292399908532,0.022258618999330793,0.022404163000828703,0.022855155000797822
32,10,0.08806148599978769,0.023085901000740705,0.022595030999582377,0.022660108999843942
32,11,0.1011870580005052,0.023277219999727095,0.02363924900055281,0.022830597999927704
32,12,0.10030597599870816,0.02321303999997326,0.022996252999291755,0.02326572399942961
32,13,0.08798240699979942,0.02403073399909772,0.021378739998908713,0.023988119999557966
32,14,0.09389216899944586,0.022564965000128723,0.02237072000025364,0.0237267789998441
32,15,0.10996937699928822,0.0229400070002157,0.021787727000628365,0.02343236700107809
32,16,0.10587670300083118,0.023366978000922245,0.022459986999820103,0.023864376998972148
32,17,0.09808406000047398,0.026012700000137556,0.021266349000143236,0.02401795600053447
32,18,0.09175365899864119,0.02329062500029977,0.02334744199833949,0.022479950999695575
32,19,0.0951365929995518,0.024703846000193153,0.023160050999649684,0.023161077999247937
32,20,0.09033627100143349,0.022812758999862126,0.021914144001129898,0.023658170000999235
32,21,0.08913537800071936,0.024614928999653785,0.02249426200069138,0.02257045999976981
32,22,0.09239194600013434,0.02414056899942807,0.022326296999381157,0.023195903999294387
32,23,0.0908520180000778,0.023045035000905045,0.02191202999892994,0.022528511999553302
32,24,0.09313221399861504,0.02400343199951749,0.02298547200007306,0.023526372999185696
32,25,0.09229743800096912,0.023037500999635085,0.02286398500109499,0.02200558199911029
32,26,0.09382488299888792,0.023289052000109223,0.02284289599992917,0.022584938000363763
32,27,0.09253039499890292,0.022911905000000843,0.02296810000007099,0.021687724998628255
32,28,0.09541775899924687,0.023296115001357975,0.022853194999697735,0.02235660999940592
32,29,0.09564788100033184,0.02365401700080838,0.021905777999563725,0.02244859200072824
32,30,0.09679177699945285,0.02429176200166694,0.02232502500010014,0.02241516899994167
32,31,0.09585689300001832,0.02408186799948453,0.022487808999358094,0.021862722998776007
32,32,0.09329270500165876,0.022946179000427946,0.02341759400042065,0.02224972899966815
32,33,0.089148713999748,0.025103534999288968,0.02282302900130162,0.02380026699938753
32,34,0.09035355400010303,0.025067988000955665,0.022458814999481547,0.023326589000134845
32,35,0.09276515500096139,0.023817221999706817,0.02164555000126711,0.021761442998467828
32,36,0.0883865039995726,0.023920896999698016,0.02343831200050772,0.022465403999376576
32,37,0.08806475199889974,0.025000020999868866,0.022334392999255215,0.022968797999055823
32,38,0.09395100900110265,0.02465375099927769,0.02214805299990985,0.022676017999401665
32,39,0.10644686200066644,0.02394975100105512,0.023485720999815385,0.02227339399905759
32,40,0.09880533199975616,0.023945782999362564,0.02180646200031333,0.02217584999925748
32,41,0.09302376999949047,0.024310357999638654,0.022178839999469346,0.021258290000332636
32,42,0.08922749199882674,0.02426344999912544,0.021755517000201507,0.021595873000478605
32,43,0.09337709299870767,0.024457662999338936,0.02199427400046261,0.022455043999798363
32,44,0.09261944199897698,0.02363031200002297,0.022555657000339124,0.023301090999666485
33,0,0.8106154859997332,0.7544951679992664,0.7127147709998098,0.7405239999989135
33,1,0.09945209599936788,0.027213761999519193,0.024923598000896163,0.025232953999875463
33,2,0.09739695200005372,0.026001046999226674,0.024000376999538275,0.024458932999550598
33,3,0.09757137800079363,0.02647452499877545,0.023686988999543246,0.023979473000508733
33,4,0.08757032399989839,0.02660752500014496,0.023653735999687342,0.02452031699976942
33,5,0.09418595999886747,0.02396230500016827,0.022849498000141466,0.023356625000815256
33,6,0.09619376400041801,0.025935385001503164,0.022408490998714115,0.022580479000680498
33,7,0.11384333199930552,0.02366845399956219,0.02224178900178231,0.022496932000649394
33,8,0.0977117519996682,0.023775103998559644,0.02178486199954932,0.022534944000653923
33,9,0.09325149800133659,0.02444233499954862,0.022709655999278766,0.023094203001164715
33,10,0.10190364300069632,0.024601122000603937,0.02229973700013943,0.023567620999529026
33,11,0.10380441599954793,0.02510694199918362,0.02240335100032098,0.023892569999588886
33,12,0.09071869800027343,0.024457452998831286,0.02237071000126889,0.023285412000404904
33,13,0.08893203799925686,0.02417370100010885,0.022275281000474934,0.024738606998653268
33,14,0.09239268700002867,0.02412815499883436,0.02247017700028664,0.023439731001417385
33,15,0.093711990999509,0.023615653999513597,0.02235708400075964,0.02309567500014964
33,16,0.08930142000099295,0.024364719000004698,0.02371203599977889,0.021921723999184906
33,17,0.09206729600009567,0.024344501998712076,0.022620527999606566,0.0224894189996121
33,18,0.09151874900089751,0.02372980899963295,0.02172131199949945,0.022461877000750974
33,19,0.09356163900156389,0.023544250998384086,0.021904816001551808,0.02358872100012377
33,20,0.09299425499921199,0.02359057799912989,0.023206227000628132,0.023087361001671525
33,21,0.11435199600055057,0.023974816998816095,0.022191412999745808,0.023525742999481736
33,22,0.10800204800034408,0.02588625299904379,0.02177081499939959,0.02289159199972346
33,23,0.10147876500013808,0.023794700000507873,0.021595907001028536,0.023312441999223665
33,24,0.09622717799902603,0.02398138999888033,0.021996899000441772,0.024529434000214678
33,25,0.11429480799961311,0.023433914000634104,0.021877274999496876,0.024102954001136823
33,26,0.08932636700046714,0.02455605800059857,0.02157268300106807,0.02379997600110073
33,27,0.10283583999989787,0.023322093999013305,0.02164755400008289,0.02216612200027157
33,28,0.10011723199932021,0.024503910000930773,0.022558761998880072,0.021854077000170946
33,29,0.08984613200118474,0.02270628900078009,0.02153509399977338,0.021732388000600622
33,30,0.09719358999973338,0.022023307999916142,0.02134872299939161,0.021803372001159005
33,31,0.10595647199988889,0.02261002900013409,0.021687618998839753,0.02276088799953868
33,32,0.10106296599951747,0.02229098099996918,0.022204148001037538,0.022013055000570603
33,33,0.0948690910008736,0.022514390000651474,0.022351304000039818,0.025314176000392763
33,34,0.08925452299990866,0.022483491000457434,0.022547100999872782,0.023628764998647966
33,35,0.09382418099994538,0.024527203999241465,0.02189036900017527,0.022085040000092704
33,36,0.0893143239991332,0.021026390000770334,0.020924387999912142,0.026578517999951146
33,37,0.09384630299973651,0.022493349999422207,0.02200038599949039,0.021331206000468228
33,38,0.09801135300040187,0.022422526999434922,0.022049187000448,0.023659042000872432
33,39,0.0907589630005532,0.023774131999743986,0.022265892999712378,0.023443969001164078
33,40,0.09904772700065223,0.024420673998974962,0.020983438998882775,0.023695280000538332
33,41,0.09451198100032343,0.023182933999123634,0.022932703999686055,0.022182623999469797
33,42,0.098587784999836,0.023794400000042515,0.022148213000036776,0.023105934998966404
33,43,0.09927868900012982,0.02215619799972046,0.022082248999140575,0.022832271999504883
33,44,0.09771128099964699,0.022263418999500573,0.02169140600017272,0.024291248000736232
34,0,0.7795962180007336,0.7632769659994665,0.7507391950002784,0.7322427589988365
34,1,0.09159695499874942,0.026738179998574196,0.024565746000007493,0.026368323999122367
34,2,0.09731307400033984,0.024517175001165015,0.024080896999294055,0.025215511999704177
34,3,0.09505273499962641,0.02415233099964098,0.02382856399890443,0.02454178799962392
34,4,0.09534840899868868,0.024171737000870053,0.024789515999145806,0.023994971999854897
34,5,0.09271838699896762,0.022834290000901092,0.02312910199907492,0.022797065999839106
34,6,0.09185441800036642,0.023176250999313197,0.022381991000656853,0.02278698699956294
34,7,0.08716141799959587,0.023251541999343317,0.02309063099892228,0.02191695500005153
34,8,0.08884290100104408,0.02393451200077834,0.022693195000101696,0.026760979999380652
34,9,0.09198016299887968,0.023180729000159772,0.02287293200060958,0.02279573300074844
34,10,0.09097740299876023,0.02298377900115156,0.02258984099898953,0.02269936199991207
34,11,0.08835256099882827,0.024187606999475975,0.022167249000631273,0.022096712000347907
34,12,0.08704473900070298,0.023564659000840038,0.02360933299860335,0.02221949299928383
34,13,0.0921419269998296,0.023100488000636688,0.023482645001422497,0.021942934001344838
34,14,0.09207056400009606,0.02318351400026586,0.021799649999593385,0.02176108200001181
34,15,0.09002922400031821,0.02382668000063859,0.022048926999559626,0.02293074599947431
34,16,0.08981114600101137,0.023169919000793016,0.022277936001046328,0.023081539000486373
34,17,0.09186083900021913,0.02252328599934117,0.022566437000932638,0.021989171000313945
34,18,0.09099078799954441,0.02137619499990251,0.022626419999141945,0.02218620000166993
34,19,0.09245693699995172,0.02183425399925909,0.022749261001081322,0.022373470999809797
34,20,0.08961048899982416,0.021210073999100132,0.02125765199889429,0.022677320999719086
34,21,0.09003602800112276,0.022951297998588416,0.024464316999001312,0.02222801899915794
34,22,0.08963249099906534,0.023228979000123218,0.02233459200033394,0.0223279250003543
34,23,0.0900775350000913,0.02184378200036008,0.02235585199923662,0.022861385999931372
34,24,0.0914324459990894,0.023552786000436754,0.02215356300075655,0.024127730999680352
34,25,0.09031972000047972,0.02440326199939591,0.021907079999436974,0.021589681000477867
34,26,0.09161715299887874,0.025802666001254693,0.021921397999904002,0.02238674600084778
34,27,0.08650201099953847,0.02429809400018712,0.022511253999255132,0.022645070999715244
34,28,0.08820381199984695,0.025725812000018777,0.022949284999413067,0.02265364699997008
34,29,0.08880747399962274,0.02517975799855776,0.023479789000703022,0.022999655000603525
34,30,0.0889038850000361,0.024853926999639953,0.02269333500044013,0.022127730000647716
34,31,0.09056349699858401,0.025695513999380637,0.022132463000161806,0.02240824599903135
34,32,0.08652255900051387,0.023722395000731922,0.021942235998722026,0.02189227800045046
34,33,0.08858730100109824,0.02446582800075703,0.022786438999901293,0.02158580300056201
34,34,0.08892071699847293,0.024138054001014098,0.02262278300077014,0.021824471999934758
34,35,0.08711629199933668,0.02469571000074211,0.02262396500009345,0.02191064299950085
34,36,0.08893293900109711,0.02277544899880013,0.022307291999823065,0.022726081999280723
34,37,0.08684416200048872,0.02566182099872094,0.023332404000029783,0.02075098900058947
34,38,0.08734011200067471,0.024295319000884774,0.022983900000326685,0.0218016480012011
34,39,0.08732799999961571,0.02219612299995788,0.022917485001016757,0.021882070001083775
34,40,0.08879542199974821,0.02369941100005235,0.021626104000461055,0.02233896699908655
34,41,0.09155813200050034,0.023478807001083624,0.02219122399947082,0.02141573500011873
34,42,0.0911155220001092,0.02880001700032153,0.02200934199936455,0.022222186998988036
34,43,0.08983387800071796,0.02549697299946274,0.023453399999198155,0.021902639000472846
34,44,0.08834439599922916,0.025304101000074297,0.022057643000152893,0.0218828310007666
35,0,0.7469721209999989,0.7593374579992087,0.7320089410004584,0.7580428769997525
35,1,0.08679373799895984,0.026749931999802357,0.026463315000000875,0.028206741000758484
35,2,0.08877177700014727,0.025433073000385775,0.02536668799984909,0.027476532000946463
35,3,0.09040411799833237,0.024226249999628635,0.025281157999415882,0.027016178000849322
35,4,0.09310505299981742,0.024826325001413352,0.027086291998784873,0.02752727699953539
35,5,0.08902982099971268,0.022840772000563447,0.02334431599956588,0.02560834799987788
35,6,0.08701990199915599,0.022889533000125084,0.022809612999481033,0.024151425999662024
35,7,0.08733150599982764,0.023097192999557592,0.02292423800099641,0.02318278900020232
35,8,0.08743922800022119,0.024483973000315018,0.02285656099957123,0.022611136999330483
35,9,0.0892932139995537,0.0228443989999505,0.021926437000729493,0.02362711200112244
35,10,0.09008677300153067,0.023338044999036356,0.022761262000130955,0.02640902899838693
35,11,0.09090138099963951,0.024907397000788478,0.02273290899938729,0.02345987799890281
35,12,0.08963289100029215,0.024415235000560642,0.02371154400134401,0.023543414999949164
35,13,0.0891758950001531,0.024495214000125998,0.02239540700065845,0.023880226999608567
35,14,0.09087000200088369,0.024397921000854694,0.023085560998879373,0.02328960900013044
35,15,0.08801666100043803,0.02403627300009248,0.02339641400067194,0.022644288999799755
35,16,0.08948842100107868,0.023429685999872163,0.02408889199978148,0.022344777000398608
35,17,0.086567043001196,0.023659887001485913,0.02249951100020553,0.022996939998847665
35,18,0.08791103200019279,0.023619001000042772,0.02292692300034105,0.02166088500052865
35,19,0.08817784299935738,0.024687224000444985,0.02249304999895685,0.022021541000867728
35,20,0.08865978699941479,0.02250530299897946,0.024167048000890645,0.02526664700053516
35,21,0.09039884800040454,0.023787465999703272,0.022203978000106872,0.023218255999381654
35,22,0.08984440899985202,0.023973796000063885,0.022708132999468944,0.02421826099998725
35,23,0.08776469800068298,0.02371093400142854,0.022872220000863308,0.0231474629999866
35,24,0.08778965499914193,0.022923066999283037,0.0243908280008327,0.022301687000435777
35,25,0.08639134300028672,0.02273287899879506,0.02269041999898036,0.023061902000335976
35,26,0.0882088210000802,0.02268620199902216,0.022557780999704846,0.02222935099962342
35,27,0.09004378200006613,0.022595009999349713,0.03320935500050837,0.022978175000389456
35,28,0.08769899500111933,0.023941756000567693,0.025125967000349192,0.021898441000303137
35,29,0.0879802519993973,0.023360055000011926,0.02607777199955308,0.021280279999700724
35,30,0.08802592800020648,0.023424486000294564,0.029317556000023615,0.021485746001417283
35,31,0.08777378500053601,0.023146153998823138,0.025995828000304755,0.022104907000539242
35,32,0.0878588449995732,0.023535434000223177,0.02532018100100686,0.02144604200111644
35,33,0.08597681599894713,0.025313688998721773,0.023519644000771223,0.02441428900056053
35,34,0.08659807100048056,0.024087248000796535,0.02421506800055795,0.024116099999446305
35,35,0.08796799999981886,0.02382930500061775,0.024325836000571144,0.0228845600013301
35,36,0.0896929150003416,0.02218671500122582,0.023529733000032138,0.02321131200005766
35,37,0.088332242999968,0.02378804700128967,0.023742802999549895,0.022102843000538996
35,38,0.0895358789985039,0.022904620998815517,0.026214278001134517,0.022971571999732987
35,39,0.08816695300083666,0.022406907999538817,0.02345977199911431,0.022646291999990353
35,40,0.08791361699877598,0.02237875500031805,0.02282793799895444,0.02245190800022101
35,41,0.08966295900063415,0.022650605000308133,0.02353497299918672,0.022833944000012707
35,42,0.0881683850002446,0.023315743001148803,0.021404989000075147,0.02287831799912965
35,43,0.09075277099873347,0.02271631799885654,0.021816550999574247,0.02415278799890075
35,44,0.09102529299889284,0.022360892000506283,0.02138641499914229,0.02283505699961097
36,0,0.779280867000125,0.7519837290001306,0.7423554029992374,0.7450595369991788
36,1,0.08631230500031961,0.02408516499963298,0.025929763998647104,0.024062468999545672
36,2,0.08715217999997549,0.023934221999297733,0.026636660000804113,0.02384501100095804
36,3,0.09089365599902521,0.0267726540005242,0.02435147500000312,0.025530282000545412
36,4,0.08841764300086652,0.02457110700015619,0.02560778999941249,0.02457729500019923
36,5,0.0886106350008049,0.023968165000042063,0.024019470998609904,0.023021466000500368
36,6,0.0895669990004535,0.024122154998622136,0.023940963999848464,0.023767013999531628
36,7,0.0904672059987206,0.023544229999970412,0.023378189000140992,0.023101355998733197
36,8,0.0947385760009638,0.024125490999722388,0.02344239999911224,0.02317244000005303
36,9,0.09208792599929438,0.02375176999885298,0.023542967999674147,0.022318237000945373
36,10,0.09221506399990176,0.024343328999748337,0.023009206999631715,0.023003582999081118
36,11,0.0916873049991409,0.022783303998949123,0.022691381998811266,0.022537498998644878
36,12,0.08928052100054629,0.022707140999045805,0.022154754999064608,0.022022884000762133
36,13,0.08704272400063928,0.022847714000818087,0.023304712000026484,0.022931065999728162
36,14,0.08656367599905934,0.02289280900004087,0.022452953999163583,0.021671734999472392
36,15,0.08835847200134594,0.022870687000249745,0.023463428999093594,0.021928626998487744
36,16,0.08754517799934547,0.0237289979995694,0.021903934999500052,0.021900243998970836
36,17,0.08845489299892506,0.02342294300069625,0.022151940000185277,0.023232311999890953
36,18,0.08748499499961326,0.022795486000177334,0.024149274999217596,0.02214372999878833
36,19,0.08842199200080358,0.023034214000290376,0.022443235999162425,0.02152484999896842
36,20,0.08684932200048934,0.022470175999842468,0.022004352998919785,0.021885435000513098
36,21,0.08723796000049333,0.022700026998791145,0.022855720000734436,0.022004730000844575
36,22,0.08861299899945152,0.022379566999006784,0.023472537000998273,0.021383393999713007
36,23,0.08952158299871371,0.023147106001488282,0.02316544099994644,0.021771031999378465
36,24,0.08895022199976665,0.022756723999918904,0.023908794999442762,0.022403737999411533
36,25,0.08601267299854953,0.028647450999415014,0.02372406799986493,0.02110726700084342
36,26,0.08664061999843398,0.02358134999849426,0.024061721000180114,0.02193582999825594
36,27,0.08654201600074884,0.021675717000107397,0.022656635999737773,0.0244809340001666
36,28,0.08687543099949835,0.022346764999383595,0.02268701299908571,0.022742393000953598
36,29,0.08812104699973133,0.02219553199938673,0.023983453998880577,0.021899422001297353
36,30,0.08933878099924186,0.022390006999557954,0.02320308200069121,0.022705785000653123
36,31,0.08932292000099551,0.0220300920009322,0.023045744999762974,0.024049244000707404
36,32,0.09131733100002748,0.023345378000158234,0.023051907000990468,0.02335102500001085
36,33,0.09909147899998061,0.023119202998714172,0.0260293110004568,0.023898882000139565
36,34,0.10057651399984024,0.023141415998907178,0.023306625000259373,0.023430203000316396
36,35,0.095080336999672,0.02379555199877359,0.023307054998440435,0.024232167001173366
36,36,0.10125052799958212,0.023396763999699033,0.022370539998519234,0.025263462001021253
36,37,0.12920989699887286,0.02389696200043545,0.02319444499880774,0.023109571000532014
36,38,0.10516180200102099,0.024942022000686848,0.022994228998868493,0.023579972999868914
36,39,0.09273307600051339,0.02252589199997601,0.023329277000812,0.02212884299842699
36,40,0.0975254719996883,0.022261345000515576,0.022324172998196445,0.02245180799945956
36,41,0.09692766099942673,0.02500659300130792,0.022778635000577196,0.02166288900116342
36,42,0.09758062499895459,0.023716122999758227,0.023104476000298746,0.021448186000270653
36,43,0.09504061200095748,0.023864752000008593,0.022514619999128627,0.021360251001169672
36,44,0.09188426399850869,0.02507446999879903,0.022415453999201418,0.021522013999856426
37,0,0.8175127600006817,0.7417817970017495,0.7522222860006877,0.7698465049998049
37,1,0.09348761000001105,0.02443689499887114,0.02637764399878506,0.02489662399966619
37,2,0.09356252100042184,0.024092759000268416,0.02495199000077264,0.02535387100033404
37,3,0.09503915999994206,0.026247088999298285,0.024747117000515573,0.02420351299952017
37,4,0.09483956599979138,0.024490485000569606,0.024715145998925436,0.025083993999942322
37,5,0.09024839600169798,0.023972884000613703,0.022910241999852587,0.025871792000543792
37,6,0.08925520400043752,0.023290815001018927,0.022983179000220844,0.025184303000060027
37,7,0.08755893200032006,0.02332743499937351,0.022712279998813756,0.024210446999859414
37,8,0.08911350699963805,0.023173364999820478,0.02206314300019585,0.025649193999925046
37,9,0.08865559000150824,0.023158257001341553,0.024545988999307156,0.02533925299940165
37,10,0.08964558500156272,0.02357802400001674,0.027220324000154505,0.0234613510001509
37,11,0.08863411799939058,0.023495780000303057,0.022910792999027763,0.024335531001270283
37,12,0.08942627400028869,0.023556484000437194,0.02224343099987891,0.023705318999418523
37,13,0.08885128600013559,0.02227624300030584,0.022893179999300628,0.023343951001152163
37,14,0.08928537999963737,0.02313685599983728,0.02320722800141084,0.02237040499858267
37,15,0.09249598099995637,0.023610012998688035,0.022504661001221393,0.021650955999575672
37,16,0.10601080400010687,0.02555039199978637,0.022343137999996543,0.022173896999447607
37,17,0.09412374299972726,0.02359388399963791,0.02227140399918426,0.022186329999385634
37,18,0.09262719599973934,0.02209775799929048,0.02209384100024181,0.021666354999979376
37,19,0.09341282999957912,0.024255283999082167,0.022214857999642845,0.023489303001042572
37,20,0.08981552400109649,0.022615710000536637,0.022562500000276486,0.02253372199993464
37,21,0.088305733001107,0.02156314499916334,0.023499806999097927,0.022896953001691145
37,22,0.08972484399964742,0.02173126100024092,0.024012218000279972,0.022435908000261406
37,23,0.08941283899912378,0.02140852599950449,0.02164692299993476,0.021774047001599683
37,24,0.09964085899991915,0.02241978200072481,0.02165041999978712,0.02250888599883183
37,25,0.10612717200092447,0.02205530799983535,0.021468808999998146,0.0218278280008235
37,26,0.10189027700107545,0.02229009899929224,0.022285961000306997,0.023050540999975055
37,27,0.09408705399982864,0.021372346998759895,0.02254917500067677,0.022825768999609863
37,28,0.09184632300093654,0.021314118999725906,0.022521112001413712,0.02318632499918749
37,29,0.09562347499922907,0.021930554999926244,0.02198783200037724,0.023247982000611955
37,30,0.09455494200119574,0.02231932299946493,0.022794444999817642,0.02368731499882415
37,31,0.0878652070005046,0.02157355499912228,0.023441979001290747,0.022641913999905228
37,32,0.09362565899937181,0.021390642001279048,0.021730079000917613,0.022385412999938126
37,33,0.0934317960000044,0.020940698999766028,0.022167799001181265,0.02243756099960592
37,34,0.09232868700019026,0.021300833999703173,0.02293096999892441,0.022805812001024606
37,35,0.09068298999955005,0.02233126600003743,0.022970644999077194,0.0219745630001853
37,36,0.09012278000045626,0.022213635998923564,0.02249149599992961,0.022171792999870377
37,37,0.0984416000010242,0.02256212900101673,0.02299868800037075,0.02161820499895839
37,38,0.09645584600002621,0.02170445100091456,0.022751083999537514,0.02268150800045987
37,39,0.09258049900017795,0.021048370999778854,0.022614076000536443,0.022504967999338987
37,40,0.0933678460005467,0.021932478999588056,0.02203932900010841,0.0220926239999244
37,41,0.08972395199998573,0.02208621699901414,0.02191202099857037,0.021898459999647457
37,42,0.09141580499999691,0.02169925099951797,0.021143058000234305,0.02251354300096864
37,43,0.09190284800024529,0.021139541999218636,0.02184479400057171,0.022422572999857948
37,44,0.09022973100036324,0.021918010999797843,0.021834302999195643,0.022621576999881654
38,0,0.7775541580012941,0.7983006329995987,0.7546802649994788,0.7240106900007959
38,1,0.08893725699999777,0.026244474000122864,0.026392973000838538,0.025585946001228876
38,2,0.08845497299989802,0.024725444998694,0.02687804299966956,0.024611378999907174
38,3,0.0915883190009481,0.025206989001162583,0.025517652000417,0.033348385000863345
38,4,0.09114856500127644,0.024996805001137545,0.025645891999374726,0.02662694799983001
38,5,0.0889777430002141,0.023804848999134265,0.023473058001400204,0.024122741000610404
38,6,0.088244348000444,0.0215363149982295,0.022688986999128247,0.0273266500007594
38,7,0.08698604799974419,0.023458859999664128,0.024370200000703335,0.03382464800051821
38,8,0.08809985799962305,0.022630838000623044,0.02315068299867562,0.02378451699951256
38,9,0.08907652800007781,0.02276681300099881,0.022874775000673253,0.026533442998697865
38,10,0.08980727899870544,0.022023367999281618,0.022270080999078345,0.023479003999455017
38,11,0.08970863399918017,0.02538615500088781,0.02184762900105852,0.02266059899920947
38,12,0.09670377200018265,0.028968271999474382,0.02228015999935451,0.022452630000771023
38,13,0.09478676599974278,0.02395858799900452,0.02237433700065594,0.03137963200060767
38,14,0.09516785100095149,0.02443861800020386,0.023630542998944293,0.034312472000237904
38,15,0.09546426700035227,0.02459533100045519,0.022272295000220765,0.029567121999207302
38,16,0.09219078800015268,0.02326090899987321,0.022843687000204227,0.02788236299966229
38,17,0.0949127320000116,0.024002219000976766,0.022579652000786155,0.027846865999890724
38,18,0.0901381500007119,0.022720286000549095,0.025064761999601615,0.026862691000133054
38,19,0.09221520500068436,0.023731531999146682,0.024031074000959052,0.02749095900071552
38,20,0.0893452129985235,0.02237499900002149,0.02202449099968362,0.03112684799998533
38,21,0.09190742700047849,0.02326686000014888,0.02449424199949135,0.028330552999250358
38,22,0.08843242100010684,0.022925790999579476,0.023094236001270474,0.030912816000636667
38,23,0.08735607200105733,0.021418094000182464,0.022514519998367177,0.02276319199881982
38,24,0.0881236719997105,0.02212046999920858,0.022800094999183784,0.022913503999006934
38,25,0.08693900999969628,0.021798376999868196,0.022428569000112475,0.022207930998774827
38,26,0.08730625899988809,0.021956582999337115,0.02141937599844823,0.02176468900142936
38,27,0.08658214999923075,0.021514654999919003,0.021552415999394725,0.021592487000816618
38,28,0.08837839899933897,0.02223998599947663,0.02189445800104295,0.02203471600114426
38,29,0.08890765199976158,0.022438336998675368,0.022616612001002068,0.022761008000088623
38,30,0.09460516600120172,0.02226769700064324,0.021758090999355773,0.022146876000988414
38,31,0.09332257099958952,0.022427166000852594,0.022903828999915277,0.026232277999952203
38,32,0.09299550799914869,0.02453618099934829,0.022351663999870652,0.031148047999522532
38,33,0.09267726100006257,0.02300151300005382,0.02245032900100341,0.027609360000496963
38,34,0.09337508899989189,0.021648505999110057,0.022210350000023027,0.02530498899977829
38,35,0.08785992700177303,0.021945323000181816,0.022187847000168404,0.028511712998806615
38,36,0.09476960399842937,0.020971477000784944,0.021571060999121983,0.027049901998907444
38,37,0.0987787619997107,0.021674264000466792,0.021182882999710273,0.026594497998303268
38,38,0.09666585100058,0.02172120300019742,0.022657277000689646,0.025287776999903144
38,39,0.0963088210010028,0.021840125000380795,0.022559362998435972,0.024338045999684255
38,40,0.1088690830001724,0.02169422100087104,0.02068777400018007,0.03169178799907968
38,41,0.12097428399829369,0.02224211900102091,0.021476734000316355,0.024646423999001854
38,42,0.10156266200101527,0.02250280800035398,0.022640615999989677,0.02385433899871714
38,43,0.10574194000037096,0.021991719000652665,0.0222385220004071,0.023223885998959304
38,44,0.09563154100032989,0.02234479199978523,0.02246849299990572,0.02244326199979696
39,0,0.7855526370003645,0.7444767409997439,0.7208754040002532,0.7514569060003851
39,1,0.10208749699995678,0.025245230999644264,0.0253565000002709,0.029423162999592023
39,2,0.09968494099848613,0.02400575599858712,0.024603177000244614,0.030915612000171677
39,3,0.09619967599974188,0.025467787998422864,0.02497307999874465,0.02557184900069842
39,4,0.09580999500030885,0.031548880999253015,0.02435961000082898,0.025271145999795408
39,5,0.08751772499999788,0.02500642199993308,0.022774807999667246,0.02308781099964108
39,6,0.09656127400012338,0.02891438000006019,0.023449091999282246,0.02288606299953244
39,7,0.09371311299946683,0.034056783999403706,0.023108184001102927,0.024543331001041224
39,8,0.09208125300028769,0.027979927999695064,0.02269522899950971,0.02184887800103752
39,9,0.09571565799888049,0.025868418999380083,0.021657332999893697,0.02288315700025123
39,10,0.09390729799997644,0.024926051999500487,0.02355172500028857,0.02251464599976316
39,11,0.09236388300087128,0.02701207400059502,0.023296626000956167,0.022560432000318542
39,12,0.0939943109988235,0.026795167001182563,0.022376381000867696,0.02212605699969572
39,13,0.0900114019987086,0.025742142001035972,0.022433097001339775,0.02209081100045296
39,14,0.0881886229999509,0.026071430000229157,0.02317521800068789,0.022683643001073506
39,15,0.08798198600015894,0.0241944000008516,0.022427986999900895,0.02367861799939419
39,16,0.08696890600003826,0.02380368699959945,0.021850134000487742,0.022066305000407738
39,17,0.09000954799921601,0.024893701000110013,0.021830306999618188,0.021912367001277744
39,18,0.08944157299993094,0.023507903000790975,0.02183214999968186,0.020964838999134372
39,19,0.08836733899988758,0.02847976599878166,0.022603426999921794,0.023297343999729492
39,20,0.08889239299969631,0.026704968000558438,0.0225498060008249,0.021739211999374675
39,21,0.08684029500000179,0.028569263000463252,0.02330727599837701,0.02186435600015102
39,22,0.08934878900072363,0.025982893001128105,0.022634183998889057,0.02223539200167579
39,23,0.08839304600041942,0.024850829999195412,0.02190029799930926,0.022336270998494
39,24,0.08737875500082737,0.02433278999887989,0.021778398999231285,0.021604588999252883
39,25,0.0891549150001083,0.025722223999764537,0.022472329999800422,0.024112613000397687
39,26,0.08780942300109018,0.029459262999807834,0.02171369799907552,0.022051538000596338
39,27,0.08616144199913833,0.024306240000441903,0.022187115999258822,0.022331873000439373
39,28,0.08786622899970098,0.023932639000122435,0.02258393899865041,0.023984112000107416
39,29,0.08981627499997558,0.02695615899938275,0.02227071299967065,0.02293722899958084
39,30,0.08820586600086244,0.025558248000379535,0.02217396099877078,0.02211861300020246
39,31,0.08886855799937621,0.026109271000677836,0.021931987999778357,0.02284571699965454
39,32,0.08688862599956337,0.026449978999153245,0.022331096000925754,0.022475733001556364
39,33,0.08606098399832263,0.024892588999136933,0.022080775999711477,0.02225814499979606
39,34,0.0877436390001094,0.024263078999865684,0.022044217001166544,0.022144252001453424
39,35,0.09282892500050366,0.024911062999308342,0.0220404409992625,0.02101875000153086
39,36,0.09685126800104626,0.024670954000612255,0.021388277998994454,0.021659192001607153
39,37,0.09161901699917507,0.02548039199973573,0.022027376000551158,0.02106940600060625
39,38,0.094098004999978,0.024129909001203487,0.021989123999446747,0.021335956000257283
39,39,0.09757317100047658,0.025446998999541393,0.02179811600035464,0.021768536000308814
39,40,0.09554325499993865,0.025241002998882323,0.021327143000235083,0.024400092001087614
39,41,0.09745216500050446,0.025628438999774517,0.022218595000595087,0.022024236001016106
39,42,0.09696915900167369,0.024716348998481408,0.02144980299999588,0.02184698400014895
39,43,0.09966456300026039,0.023698529999819584,0.02270476699959545,0.021424320999358315
39,44,0.0949109290013439,0.025001062000228558,0.021801482000228134,0.02149345999896468
40,0,0.7946158230006404,0.772747734999939,0.7138772399994195,0.7247788009990472
40,1,0.08915325299858523,0.02868878799927188,0.02544846199998574,0.025509794000754482
40,2,0.0936269710000488,0.02737463400080742,0.024778265000350075,0.024922020000303746
40,3,0.1065103810014989,0.026414463000037358,0.024350432999199256,0.024796405999950366
40,4,0.09874322599898733,0.026507667998885154,0.024282554999444983,0.024930827999924077
40,5,0.09504317800019635,0.024456119999740622,0.02284199399946374,0.02343614499841351
40,6,0.09295280800142791,0.026052253999296227,0.022179411000252003,0.02249405699876661
40,7,0.08849136199933128,0.026161829999182373,0.021678993000023183,0.023453195999536547
40,8,0.09333610599969688,0.024838085999363102,0.02298334899933252,0.024067027999990387
40,9,0.08813704599924677,0.025451266001255135,0.022309284999209922,0.022326181999233086
40,10,0.08799403800003347,0.025370344999828376,0.022456851998867933,0.022144140999444062
40,11,0.08838999200088438,0.02295354200032307,0.022485124000013457,0.021834179000506992
40,12,0.08664436799881514,0.023386425000353483,0.02160267900035251,0.02324293200035754
40,13,0.08947580700078106,0.022219086000404786,0.02223396400040656,0.02337130300111312
40,14,0.08796894199986127,0.022828138000477338,0.0221664270011388,0.0222592469999654
40,15,0.08905251399846748,0.023113703000490204,0.022680961999867577,0.022679334999338607
40,16,0.08751509000103397,0.022897697999724187,0.022493230000691256,0.022065593999286648
40,17,0.09365718799926981,0.023116036998544587,0.021079628999359556,0.02175403899855155
40,18,0.09724099899904104,0.023456385999452323,0.02169923099972948,0.02231398900039494
40,19,0.09776238699851092,0.024214086999563733,0.021945342001345125,0.023685362000833265
40,20,0.10374561599928711,0.022521752998727607,0.02224291099992115,0.022412524000174017
40,21,0.09826360599981854,0.02621722300136753,0.02146504200027266,0.023309416001211503
40,22,0.10210272500080464,0.02478594899912423,0.022482389000288094,0.022452839999459684
40,23,0.09924602800128923,0.0230761929997243,0.021293399999194662,0.02171888399971067
40,24,0.10076688099979947,0.024177508001230308,0.02249007399950642,0.021456661999764037
40,25,0.1021731680011726,0.024194640000132495,0.022007038000083412,0.021258750999550102
40,26,0.10632519399950979,0.024386600000070757,0.022246776999963913,0.022073587999329902
40,27,0.08943775599982473,0.022360932000083267,0.022229795999010094,0.02167914799974824
40,28,0.09670197699961136,0.023554259998491034,0.021918211001320742,0.021732307999627665
40,29,0.09451906399954169,0.024088201000267873,0.022033998000551946,0.02358823000031407
40,30,0.09440548099883017,0.022957811999731348,0.021852358000614913,0.02213107700117689
40,31,0.09081701300056011,0.023736791999908746,0.021779311000500456,0.022495329001685604
40,32,0.09535037299974647,0.023251221000464284,0.021882985000047483,0.02282825300062541
40,33,0.10459590100072091,0.022939136000786675,0.02266916000007768,0.024058871998931863
40,34,0.09672385900012159,0.024665815000844304,0.02240424299998267,0.024401795000812854
40,35,0.09114405599939346,0.023557406000691117,0.022768105000068317,0.023278337999727228
40,36,0.09320499000023119,0.02244348600106605,0.02183084799980861,0.023958494999533286
40,37,0.0874041329989268,0.024580283999966923,0.022544496001501102,0.02368660399952205
40,38,0.08843337199868984,0.0253395379986614,0.022202744999958668,0.02272506000008434
40,39,0.08737926600042556,0.02258380999955989,0.02254849400014791,0.02178674099923228
40,40,0.08807345800050825,0.02399590800087026,0.021390421999967657,0.02366987200002768
40,41,0.08978952600045886,0.022605199001191068,0.02223058699928515,0.021999139000399737
40,42,0.0885662320015399,0.02272667800025374,0.02154093399985868,0.022198321999894688
40,43,0.08869526300077268,0.02346185699934722,0.022803622001447366,0.02276630800042767
40,44,0.08839241599889647,0.025924235000275075,0.022094322001066757,0.02296012199985853
41,0,0.7594669210011489,0.7337095089987997,0.7136448440014647,0.7235836889994971
41,1,0.09380040699943493,0.024954955999419326,0.025258506000682246,0.026131991000511334
41,2,0.09356492500046443,0.024704084999029874,0.024921432999690296,0.025149156999759725
41,3,0.08985157200004323,0.02402787699975306,0.025163508000332513,0.0247252720000688
41,4,0.09957080700041843,0.024261295000542304,0.024724663999222685,0.02533048700024665
41,5,0.0913188229988009,0.024200070000006235,0.02614614000049187,0.024257835000753403
41,6,0.09517219900044438,0.023685165000642883,0.021991208999679657,0.025378005999300512
41,7,0.09282703099961509,0.02352560600047582,0.021999454000251717,0.023384816999168834
41,8,0.08697243300048285,0.023529121999672498,0.022057051000956562,0.023382282999591553
41,9,0.10072303900051338,0.025747683001100086,0.02267899800062878,0.022461776999989524
41,10,0.09447510199970566,0.023569828999825404,0.022184429999470012,0.024643609000122524
41,11,0.09177733300020918,0.023542127000837354,0.022380278000127873,0.022369682999851648
41,12,0.09638504400027159,0.022638462998656905,0.022309735999442637,0.022595508000449627
41,13,0.09695771699989564,0.021874460000617546,0.02237269399847719,0.022202090000064345
41,14,0.09459135999895807,0.02312340099888388,0.024387962999753654,0.022298690999377868
41,15,0.09244716899956984,0.02321443199980422,0.021517520000998047,0.02207065300171962
41,16,0.09516317299858201,0.022288355999990017,0.022478182001577807,0.02289822500097216
41,17,0.09697478899943235,0.024454547999994247,0.02142921399899933,0.021991523999531637
41,18,0.09436104800079193,0.0223245239994867,0.022039989000404603,0.021367543999076588
41,19,0.0950690259996918,0.022723412001141696,0.022390547999748378,0.024170210999727715
41,20,0.09769863700057613,0.0216928089994326,0.022047021999242133,0.022565080000276794
41,21,0.09516531599911104,0.021616586000163807,0.021906280000621337,0.023616000999027165
41,22,0.0886348909989465,0.021678912999050226,0.02330058299958182,0.02231998099887278
41,23,0.08893506299864384,0.02261775300030422,0.0219408540015138,0.022311484999590903
41,24,0.09123029700094776,0.024544976999095525,0.022164845000588684,0.022753814000679995
41,25,0.09032023000145273,0.02241868000055547,0.02160076599830063,0.02179136000086146
41,26,0.09260928299954685,0.023534882999229012,0.02163899799961655,0.023331378000875702
41,27,0.09755672100072843,0.023006071000054362,0.021627727001032326,0.021915401999649475
41,28,0.0950120790002984,0.024063513999863062,0.021944952000922058,0.021520730999327498
41,29,0.09236777099977189,0.023462757000743295,0.023040406000291114,0.022288330999799655
41,30,0.09871796900006302,0.02240362200063828,0.02249938200111501,0.021532443999603856
41,31,0.09682671200062032,0.02335378300085722,0.022583238998777233,0.02154914499988081
41,32,0.09610694199909631,0.02325650099919585,0.022098921001088456,0.021667376999175758
41,33,0.09783348900054989,0.022559875000297325,0.022009583000908606,0.022355397000865196
41,34,0.10264585500044632,0.021915076000368572,0.02129589400101395,0.02315027799886593
41,35,0.09485396200034302,0.02296406299865339,0.021397205000539543,0.02169258399953833
41,36,0.0965730159987288,0.02450086499993631,0.021213901000010082,0.022242234999794164
41,37,0.09233859600135474,0.02393768900037685,0.02217265900071652,0.021127254000020912
41,38,0.0933189740007947,0.025061024998649373,0.022166667000419693,0.021639615000822232
41,39,0.09738940699935483,0.023746700000629062,0.02184780000061437,0.021560466000664746
41,40,0.09296781499870121,0.02305643599902396,0.020860979000644875,0.021423819998744875
41,41,0.09424016099910659,0.024928406999606523,0.021479438999449485,0.021044067998445826
41,42,0.10003717200015672,0.024215620000177296,0.022239052999793785,0.022456686998339137
41,43,0.09604885400040075,0.025067347000003792,0.022466901000370854,0.021838327000295976
41,44,0.0986996840001666,0.02429565100101172,0.022550748000867316,0.021778394999273587
42,0,0.8227715510001872,0.7252789809990645,0.7125332399991748,0.737907112999892
42,1,0.08716729800107714,0.024881478999304818,0.026502277998588397,0.026275890000761137
42,2,0.08855089300050167,0.024376732000746415,0.024138836000929587,0.024119936000715825
42,3,0.08743718400000944,0.025032321998878615,0.023986620000869152,0.02464467100071488
42,4,0.09045682699979807,0.024120562000462087,0.024136631000146735,0.023902699000245775
42,5,0.0895125460010604,0.023105468000721885,0.02242569400004868,0.022724099000697606
42,6,0.09508294199986267,0.022022998000466032,0.02272847100175568,0.021695068999179057
42,7,0.0949138550004136,0.02289741799904732,0.02193142600117426,0.021852584000953357
42,8,0.09918810999988636,0.02184346200010623,0.022500453000247944,0.021800336000524112
42,9,0.10317075900093187,0.02272115699997812,0.022324903999106027,0.02195490600024641
42,10,0.1013133350006683,0.02263973499975691,0.022055888999602757,0.02214512300088245
42,11,0.09891588899881754,0.02256574599960004,0.022086286000558175,0.02495986199937761
42,12,0.1021620770006848,0.023478186998545425,0.022450729999036412,0.022345577999658417
42,13,0.09692185000130848,0.02187591199981398,0.02266532300018298,0.021601222999379388
42,14,0.09849690400005784,0.02370599499954551,0.02263762099937594,0.021656075999999302
42,15,0.1026558630001091,0.022199709999767947,0.022782261001339066,0.02252899300037825
42,16,0.10744295000040438,0.022580584000024828,0.02236135299972375,0.021979933000693563
42,17,0.09666207299960661,0.022626740001214785,0.022320956999465125,0.022211858000446227
42,18,0.10530203500093194,0.022185331999935443,0.02225124700089509,0.022009238000464393
42,19,0.09317636599917023,0.02276072099994053,0.022959874999287422,0.022823203998996178
42,20,0.09258604999922682,0.021679303999917465,0.02206181099973037,0.022519684998769662
42,21,0.09503579400006856,0.02250011199976143,0.021669474999725935,0.02380787099900772
42,22,0.09497325600023032,0.02220638200014946,0.022487117999844486,0.023627151998880436
42,23,0.09473803500077338,0.021617657999740914,0.020933865000188234,0.022370585000317078
42,24,0.0944519090007816,0.02241929100091511,0.021460072999616386,0.022376686998541118
42,25,0.08693280899933598,0.022397020000425982,0.021663342999090673,0.02209554000000935
42,26,0.08755965399905108,0.022321959000692004,0.021776736999527202,0.021427667001262307
42,27,0.08896564100177784,0.021268432999931974,0.021989184999256395,0.022081833998527145
42,28,0.09588008600076137,0.02210069300053874,0.021814226000060444,0.021892830000069807
42,29,0.0990813900007197,0.022222281999347615,0.02224783999918145,0.022083235999161843
42,30,0.09312220500032709,0.023021479999442818,0.02150739100034116,0.02218690100016829
42,31,0.10049034199982998,0.022613884999373113,0.021623798998916754,0.02223055300055421
42,32,0.09933012600049551,0.02291697500004375,0.02163458900031401,0.025458456999331247
42,33,0.09474435700030881,0.023315270998864435,0.022011457000189694,0.029484517999662785
42,34,0.09111254600065877,0.022671674998491653,0.02216752899948915,0.024045426998782204
42,35,0.09151178600041021,0.023569327999211964,0.02162935999876936,0.022423305001211702
42,36,0.09530321400052344,0.02208217000043078,0.02106971099965449,0.023904092000520905
42,37,0.08848121200026071,0.023509155998908682,0.021308899000359816,0.028188646998387412
42,38,0.09115588799977559,0.022638593000010587,0.02196273600020504,0.027335287000823882
42,39,0.08952996900006838,0.0380529670001124,0.022039699000742985,0.022943861000385368
42,40,0.0960183560000587,0.030142995999995037,0.020974021001165966,0.028335082999547012
42,41,0.09236454499841784,0.024114530000588275,0.021589145000689314,0.02600498199899448
42,42,0.09484074799911468,0.023658344998693792,0.020600551000825362,0.02305479900132923
42,43,0.09640027299974463,0.023175029000412906,0.022795156000938732,0.02346766400114575
42,44,0.1040151719989808,0.023715111001365585,0.0220242799987318,0.02336688399918785
43,0,0.7904920300006779,0.7502472420001141,0.7287655790005374,0.7674045450003177
43,1,0.09271923000051174,0.024498880999090034,0.025205996998920455,0.02733556800012593
43,2,0.09142168699872855,0.025070984000194585,0.024185112000850495,0.03087749000042095
43,3,0.09277552500134334,0.02484580099917366,0.024455630000375095,0.0271090930000355
43,4,0.09116850099962903,0.025492294000287075,0.026610260001689312,0.027135932999954093
43,5,0.08871675400041568,0.02304239000113739,0.023186129999885452,0.03075663299932785
43,6,0.08667460500146262,0.0226411179992283,0.022323381999740377,0.02347139999983483
43,7,0.08725259799939522,0.02290074399934383,0.022456081000200356,0.028022374999636668
43,8,0.08980993399927684,0.025127118999080267,0.022489282999231364,0.029549539998697583
43,9,0.08707465399857028,0.023664816999371396,0.02230857399990782,0.026172765999945113
43,10,0.08702579300006619,0.022291432000201894,0.022618283999690902,0.024453992999042384
43,11,0.08689511800002947,0.022429480000937474,0.022780528999646776,0.025057684999410412
43,12,0.08700154700090934,0.025365335999595118,0.02289160700092907,0.030222170998968068
43,13,0.08718960000078368,0.021681488000467652,0.023355106000963133,0.023176527000032365
43,14,0.08938915500039002,0.023294913000427186,0.02348576199983654,0.030850138999085175
43,15,0.09821145900059491,0.02280015499854926,0.02246595900032844,0.024930506999226054
43,16,0.11130197599959502,0.02246989600098459,0.021907903001192608,0.03217244900042715
43,17,0.10479422299977159,0.022650734999842825,0.022209949000171036,0.02679712700046366
43,18,0.09351397999853361,0.023242104000019026,0.02264864199969452,0.03816954600006284
43,19,0.09408164399974339,0.022132564001367427,0.02313571500053513,0.030194308999853092
43,20,0.08877815900086716,0.021545473000514903,0.02141815400136693,0.024445866998576093
43,21,0.08988234899879899,0.022165906000736868,0.02331955900081084,0.024972414999865578
43,22,0.08877278899853991,0.02244306600005075,0.021968045000903658,0.027713256000424735
43,23,0.08934531299928494,0.025241633999030455,0.02111368300029426,0.02512490200024331
43,24,0.0888096590006171,0.03399977699882584,0.024471269000059692,0.025850261999948998
43,25,0.08892251000179385,0.02560559599987755,0.025114656000368996,0.02945818799889821
43,26,0.0876920330010762,0.024589250999270007,0.028208407000420266,0.02408936000028916
43,27,0.08711031199891295,0.02401186799943389,0.027991761000521365,0.02368030199977511
43,28,0.08909475299878977,0.02357914599997457,0.025922970999090467,0.02800150599978224
43,29,0.08940234000147029,0.023310431999561843,0.029175720999774057,0.02327515199976915
43,30,0.08941158600100607,0.023170539998318418,0.028520873000161373,0.02261522499975399
43,31,0.09130595899841865,0.02399852300004568,0.03219654500026081,0.024067517999355914
43,32,0.08960738399946422,0.022377793000487145,0.026292675000149757,0.03306326999882003
43,33,0.08758088300055533,0.035163299000487314,0.027981750999970245,0.02702448399941204
43,34,0.08759741399990162,0.03333184500115749,0.02628931799881684,0.03374136200000066
43,35,0.08755834099974891,0.03377411400106212,0.025027662000866258,0.029038931999821216
43,36,0.08999623300042003,0.030648563000795548,0.02327236099881702,0.02545035199909762
43,37,0.08676500399997167,0.0367946780006605,0.026620949998687138,0.02218047899987141
43,38,0.09063094400153204,0.034752949000903754,0.02394523300063156,0.023472643000786775
43,39,0.0893243030004669,0.028689978998954757,0.023582171999805723,0.02229006499874231
43,40,0.08857470699877013,0.035255061000498245,0.02134667000063928,0.021797932000481524
43,41,0.09017355600008159,0.0387002620009298,0.02161307999995188,0.03700439199928951
43,42,0.09291253199990024,0.03191975700065086,0.021938500000032946,0.028269769998587435
43,43,0.09485755000059726,0.02862253300008888,0.021521527000004426,0.026255881999531994
43,44,0.09332854199965368,0.028032197000356973,0.02312840100057656,0.028439718000299763
44,0,0.843779746999644,0.7705365089987026,0.7721916529990267,0.8034276359994692
44,1,0.09279870799946366,0.02687765200062131,0.02545261900013429,0.024664257998665562
44,2,0.09794733399940014,0.029499427000700962,0.025340137999592116,0.024613532001239946
44,3,0.10363071099891386,0.024694558000192046,0.025417893999474472,0.02460563700151397
44,4,0.09542338999926869,0.02585876100056339,0.025371106999955373,0.02417990899994038
44,5,0.09780460599904472,0.02314154600026086,0.02468905800014909,0.022590287000639364
44,6,0.09173953299978166,0.023057668999172165,0.02344329200059292,0.022411261999877752
44,7,0.09139685999980429,0.02281600499918568,0.023329867999564158,0.022262954000325408
44,8,0.09923185099978582,0.023229671000080998,0.022685280000587227,0.023582198000440258
44,9,0.10123316499993962,0.025638548000642913,0.023153228001319803,0.023437627000021166
44,10,0.09458149199963373,0.024084433998723398,0.022609768999245716,0.025571067999408115
44,11,0.09209104199908325,0.023281218000192894,0.023249096999279573,0.02734581600088859
44,12,0.08804589600003965,0.024000596000405494,0.024057884000285412,0.028404091999618686
44,13,0.0895791509992705,0.02268773399919155,0.02493762399899424,0.02473523099979502
44,14,0.0894843830010359,0.023290856001040083,0.02430015899881255,0.02377466899997671
44,15,0.08869117600079335,0.022404983999877004,0.023998773000130313,0.029159217001506477
44,16,0.0883130970014463,0.022078703001170652,0.024424191000434803,0.027759471999161178
44,17,0.09178868500021053,0.023045564999847556,0.022708232998411404,0.023089894999429816
44,18,0.08948874199995771,0.022719603999576066,0.023661189999984344,0.022888317000251845
44,19,0.08724545500081149,0.021929763001026004,0.02279643899964867,0.023081138000634382
44,20,0.09255502199994226,0.02238577800017083,0.022104321000369964,0.023480708001443418
44,21,0.0901838650006539,0.02250332900075591,0.02296325200040883,0.021807760000228882
44,22,0.09164043700002367,0.024576296000304865,0.023082945999703952,0.02365638699848205
44,23,0.08994395500121755,0.023916248999739764,0.022419221000745893,0.023988410001038574
44,24,0.09223856800053909,0.02416285099934612,0.022843356000521453,0.022433975000240025
44,25,0.08692367199910223,0.022935909999432624,0.023361256999123725,0.021182747001148527
44,26,0.08707625700117205,0.023129974000767106,0.022981967000305303,0.02220936300000176
44,27,0.08726401999956579,0.02239339300103893,0.024600290998932905,0.02144022100037546
44,28,0.08665413599919702,0.021926577001067926,0.023720240998954978,0.022610756999711157
44,29,0.08918348899896955,0.022238842000660952,0.02295878199947765,0.022232104998693103
44,30,0.08788786900004197,0.02343436500086682,0.022738159999789787,0.02176775600128167
44,31,0.08870650400058366,0.022862531999635394,0.023339036000834312,0.023984401999769034
44,32,0.08784862600077759,0.024730805000217515,0.021989985998516204,0.0316642360012338
44,33,0.0886665689995425,0.022897667999131954,0.02201504299955559,0.03008655699886731
44,34,0.08776587000102154,0.02292531999955827,0.024860800000169547,0.025828069999988656
44,35,0.09002033799879428,0.024303874999532127,0.024083983000309672,0.037818648999746074
44,36,0.08829096599947661,0.02378904000033799,0.021907762000410003,0.03179999999883876
44,37,0.08852527500130236,0.023539451998658478,0.022201492000021972,0.02962249699885433
44,38,0.08973221800079045,0.023783959999491344,0.023243195999384625,0.02763007000066864
44,39,0.08837417200084019,0.02228720299899578,0.022124097999039805,0.02975852200142981
44,40,0.0909872810007073,0.022069275000831112,0.021855392998986645,0.02972480799871846
44,41,0.09149219799837738,0.022584870999708073,0.023077154999555205,0.026883258999077952
44,42,0.0896067329995276,0.025125935999312787,0.02199791000020923,0.03869070300061139
44,43,0.08810977499888395,0.02168327100116585,0.021740517999205622,0.03292464000151085
44,44,0.09037470300063433,0.022046091999072814,0.02170376899994153,0.02771241399932478
45,0,0.7447973620000994,0.7538182989992492,0.764500589999443,0.807690851001098
45,1,0.08818996700028947,0.026135951000469504,0.026486638000278617,0.030438858000707114
45,2,0.08798449099958816,0.02476657300030638,0.024845140000252286,0.028955334999409388
45,3,0.09004113700029848,0.024289868999403552,0.02452845700099715,0.029111407999153016
45,4,0.0873089840006287,0.026913368001260096,0.026385037999716587,0.03091123400008655
45,5,0.08887780500117515,0.022753026998543646,0.02444685400041635,0.02855012500003795
45,6,0.08788074599942775,0.025965540999095538,0.022436102999563445,0.022848972999781836
45,7,0.08786816199972236,0.021740317999501713,0.02289673599989328,0.022242355000344105
45,8,0.09192395799982478,0.022878902998854755,0.023671901000852813,0.022408577000533114
45,9,0.08792121199985559,0.02237694099858345,0.0232753660002345,0.023747207998894737
45,10,0.08850069799882476,0.021886902999540325,0.02260663200104318,0.02246564400047646
45,11,0.08811566700023832,0.022349470000335714,0.02271874299913179,0.023753829998895526
45,12,0.08992658299939649,0.022116272999483044,0.022195671999725164,0.021916133000559057
45,13,0.08921781299977738,0.02178570199976093,0.02226429099937377,0.022581642000659485
45,14,0.08838041399940266,0.02203772599932563,0.02263027699882514,0.02312146400072379
45,15,0.08985260400004336,0.023043571000016527,0.023008385998764425,0.02313982799933001
45,16,0.08774066299883998,0.023338516000876552,0.022814672000095015,0.02221879099852231
45,17,0.09126837899930251,0.0226428499991016,0.023759663999953773,0.022621977999733645
45,18,0.08843810100006522,0.02270365500044136,0.022492608999527874,0.0218389389992808
45,19,0.09265975800008164,0.021627075999276713,0.02181960699999763,0.02208580099977553
45,20,0.08819400299944391,0.021723447000113083,0.021257983999021235,0.02193549999901734
45,21,0.08928185399963695,0.022190882998984307,0.021896850999837625,0.023775891999321175
45,22,0.08767158399859909,0.022678807999909623,0.022060657998736133,0.023858216000007815
45,23,0.0997108110004774,0.022507776999191265,0.021948727999188122,0.022512392000862746
45,24,0.0880621060005069,0.022775298999476945,0.022385598000255413,0.022359384998708265
45,25,0.0871167429995694,0.02218508199985081,0.02313461300036579,0.028999066998949274
45,26,0.088729097000396,0.02283426999929361,0.0226356980001583,0.024018956999498187
45,27,0.08681684200018935,0.022440110999013996,0.022246206001000246,0.02796759199918597
45,28,0.0903145800002676,0.02118888400036667,0.02238195100107987,0.022124394999991637
45,29,0.08855177500117861,0.022902487000465044,0.02259372899970913,0.02343186600046465
45,30,0.0889304650008853,0.022393142000510124,0.022437695999542484,0.02494590599962976
45,31,0.09167929000068398,0.022096496000813204,0.02207719000034558,0.022232315999644925
45,32,0.08875003600041964,0.022348347998558893,0.02287164900008065,0.021336316000088118
45,33,0.08657443700030854,0.022524549000081606,0.023553990000436897,0.022970449999775155
45,34,0.0893613930002175,0.022697622998748557,0.023072465999575797,0.02256594199934625
45,35,0.08833312400020077,0.022261224999965634,0.02200660699963919,0.03260132300056284
45,36,0.08876592600063304,0.022338729999319185,0.021808896000948153,0.028739280000081635
45,37,0.08889691100011987,0.023098634999769274,0.023268904998985818,0.027799708001111867
45,38,0.0894561609984521,0.021547906999330735,0.02200461400025233,0.025391081000634586
45,39,0.09257409800011374,0.021271959998557577,0.02292251499966369,0.026062238999656984
45,40,0.089363447001233,0.021306815000571078,0.02138003199979721,0.025091548999625957
45,41,0.08881601999928534,0.02264486400054011,0.022459115998572088,0.028199035999932676
45,42,0.0881076519999624,0.0216570619995764,0.02309054999932414,0.02621249100047862
45,43,0.08953559000110545,0.02214755100067123,0.02309266399970511,0.023386540999126737
45,44,0.08779169899935368,0.022387592000086443,0.02302220199999283,0.022391835000235005
46,0,0.7534581529998832,0.7300640039993596,0.8051618489989778,0.7307928909995098
46,1,0.08955868200064288,0.02549355599876435,0.03163555299943255,0.02495505300066725
46,2,0.08930893400065543,0.023602991001098417,0.0292483169996558,0.024384111999097513
46,3,0.08795543700034614,0.022914529999980005,0.02460636199975852,0.02585600299971702
46,4,0.08829711700127518,0.02380258599987428,0.024123426999722142,0.02491483700032404
46,5,0.08952786500049115,0.023478387000068324,0.022991495001406292,0.02343846800067695
46,6,0.08756411299873434,0.022139456999866525,0.022551229001692263,0.02192456999910064
46,7,0.08806791700044414,0.021777367999675334,0.021830907999174087,0.024365866998778074
46,8,0.08850291299859236,0.022588027000892907,0.02240462400004617,0.022500810000565252
46,9,0.09177584999997634,0.02385247900019749,0.023758962999636424,0.022537488001034944
46,10,0.09089332500116143,0.024746245000642375,0.022101053998994757,0.021999648999553756
46,11,0.08878660499976831,0.024231280000094557,0.03533132399934402,0.022272380998401786
46,12,0.09069630600060918,0.022055347999412334,0.02812851799899363,0.024312878000273486
46,13,0.08810981500027992,0.022803951998866978,0.027660289000777993,0.02204535600139934
46,14,0.0891383140005928,0.023785183000654797,0.025483887999143917,0.021731406999606406
46,15,0.08999904899974354,0.022411135998481768,0.024962219000371988,0.02248626200162107
46,16,0.08884623599988117,0.023338175000390038,0.027941796999584767,0.022884719999638037
46,17,0.0874552989989752,0.022191043999555404,0.028372234999551438,0.02209049100019911
46,18,0.08883039700049267,0.02196026000092388,0.035887086000002455,0.021922836000157986
46,19,0.08824154200010526,0.02261804399859102,0.025125735999608878,0.022694002000207547
46,20,0.09047101299984206,0.022049757999411668,0.03220140499979607,0.023022127999865916
46,21,0.09060072600004787,0.02227825699992536,0.029861656999855768,0.0223051229986595
46,22,0.09340460400017037,0.022999058999630506,0.02437437700064038,0.021231900000202586
46,23,0.08962631000031251,0.022457582999777514,0.023935123999763164,0.021757686001365073
46,24,0.08928470899991225,0.022583579999263748,0.024343700000827084,0.023228093999932753
46,25,0.08677908999925421,0.02142357400043693,0.024021164999794564,0.021205480999924475
46,26,0.08688303500093753,0.021619752000333392,0.023416220999934012,0.02176405799946224
46,27,0.08908541499840794,0.021008264999181847,0.025019708000399987,0.022805201000664965
46,28,0.08856436800124357,0.02150226199955796,0.02417792900087079,0.022889869000209728
46,29,0.09005919099945459,0.021332543999960762,0.02345717699972738,0.02171249099956185
46,30,0.08812038599899097,0.022855299001093954,0.02426263800043671,0.021324364000975038
46,31,0.08913518900044437,0.022432857000239892,0.02431756000078167,0.022094307001680136
46,32,0.08834168999965186,0.02256564599883859,0.022233011999560404,0.02198460199906549
46,33,0.08891384400158131,0.022154284999487572,0.02223448400036432,0.02292488599960052
46,34,0.08902738600045268,0.0217387749999034,0.022774728000513278,0.02146330499999749
46,35,0.08771959300065646,0.022423819998948602,0.022161128001243924,0.02176618200064695
46,36,0.08883888300078979,0.021226485001534456,0.02184989399938786,0.022246693000852247
46,37,0.08740320099968812,0.02178616400124156,0.027380515000913874,0.020867006000116817
46,38,0.09071222599959583,0.0218398850010999,0.028065628999684122,0.0211968240000715
46,39,0.08731650800109492,0.021114774999659858,0.023285445000510663,0.022232826999243116
46,40,0.08995381299973815,0.021834504999787896,0.0256010579996655,0.022271338999416912
46,41,0.08911682399957499,0.02196765500048059,0.02977913299946522,0.021039219000158482
46,42,0.08973944100034714,0.02169723699989845,0.025795622999794432,0.02201684200008458
46,43,0.08938562799994543,0.021273973999996088,0.024117726999975275,0.021307592000084696
46,44,0.08908378200067091,0.02146825799900398,0.02291650400002254,0.021527553999476368
47,0,0.7873482150007476,0.7394581400003517,0.7765008440001111,0.722513632999835
47,1,0.09053148599923588,0.024679109001226607,0.030671615999381174,0.025037548000909737
47,2,0.08822700599921518,0.024706019001314417,0.03304926400051045,0.02385046100062027
47,3,0.09011364399884769,0.02402584400078922,0.027496683000208577,0.023508910999225918
47,4,0.0893004480003583,0.024048977000347804,0.02670798399958585,0.02319132499906118
47,5,0.08762983599990548,0.022810133999882964,0.028415446000508382,0.02260318200023903
47,6,0.09308516499913821,0.02176769899961073,0.02527272200131847,0.022221126000658842
47,7,0.08842586900027527,0.02151932400010992,0.027002695998817217,0.022134842998639215
47,8,0.0897186120000697,0.023219492000862374,0.025705213000037475,0.02285722899978282
47,9,0.0880783770007838,0.022705508001308772,0.029242044998682104,0.022673384000881924
47,10,0.08996299999853363,0.022536972001034883,0.03129659799924411,0.02872006399957172
47,11,0.0881555619998835,0.02228058100081398,0.03048374500031059,0.031103835000976687
47,12,0.08979284099950746,0.021660218000761233,0.029960321999169537,0.025601485000152024
47,13,0.08954012799949851,0.021593973999188165,0.03905566899993573,0.02397534500050824
47,14,0.0898581239998748,0.022298874999250984,0.03141653300008329,0.02624872900014452
47,15,0.08977687200058426,0.021818523999172612,0.030843458000163082,0.022602310000365833
47,16,0.08962727099969925,0.02300059200024407,0.02891285800069454,0.022993925000264426
47,17,0.08874878400092712,0.021710601999075152,0.031117321999772685,0.02188181900055497
47,18,0.08872257499933767,0.02141464699889184,0.03981417099930695,0.02312528100083
47,19,0.09044558499954292,0.021502432000488625,0.03302300500035926,0.022826661999715725
47,20,0.08861590499873273,0.02134637900053349,0.02603360899956897,0.021823560000484576
47,21,0.0902626129991404,0.02187519099970814,0.027674254999510595,0.02253673699851788
47,22,0.09168416899956355,0.022090465001383564,0.023637895999854663,0.022828785000456264
47,23,0.08978164099971764,0.022883001000082004,0.02318068999920797,0.02168073199936771
47,24,0.08902820799994515,0.021919814000284532,0.026977809000527486,0.021609256998999626
47,25,0.08909740799936117,0.02189226300106384,0.025831871000264073,0.02071837699986645
47,26,0.0883067150007264,0.021825448000527103,0.02866017400083365,0.021350943001380074
47,27,0.08809573899998213,0.0215475860004517,0.02468246500029636,0.021558402999289683
47,28,0.09166584400009015,0.021736941000199295,0.024050699999861536,0.023015305001536035
47,29,0.08797626500017941,0.022441822999098804,0.02434677600103896,0.021939427000688738
47,30,0.0905708610007423,0.02196574099980353,0.02666676599983475,0.02191685500110907
47,31,0.08783197499906237,0.022702161000779597,0.03136041799916711,0.021645885999532766
47,32,0.08888151300016034,0.021752762000687653,0.02589888700094889,0.022222628000236
47,33,0.0873104370002693,0.021845245000804425,0.023289954000574653,0.02409026099849143
47,34,0.08959734599920921,0.02233920099934039,0.022850979999930132,0.025082019999899785
47,35,0.08712557000035304,0.021617758999127545,0.02364414899966505,0.021889102999921306
47,36,0.08825044000150228,0.021389028999692528,0.0223881829988386,0.021442614999614307
47,37,0.0884025350005686,0.02272745899972506,0.023676859000261175,0.029613459000756848
47,38,0.08865872500064143,0.0218521269998746,0.022519739999552257,0.036405357999683474
47,39,0.08927627299999585,0.02117862500017509,0.022820434000095702,0.023043027000312577
47,40,0.08808505900015007,0.02147445999980846,0.02337132700085931,0.022823254999821074
47,41,0.08885722800005169,0.02174202000060177,0.022612102000493906,0.02290132099915354
47,42,0.08793667099962477,0.021370233998823096,0.023070671999448678,0.022491141000500647
47,43,0.09058181100044749,0.021879239000554662,0.02490953099913895,0.022124994999103365
47,44,0.08814640399941709,0.02174901499893167,0.02290706600069825,0.021537033000640804
48,0,0.7338312990013947,0.7059088270016218,0.8330536529992969,0.716888282000582
48,1,0.08749656500003766,0.02497205899999244,0.04012373099976685,0.026018156999271014
48,2,0.08610287199917366,0.023793078000380774,0.030701222000061534,0.0243887110009382
48,3,0.08670361899930867,0.023706354000751162,0.030237241000577342,0.024252625000372063
48,4,0.08841066999957548,0.02395475999946939,0.029915538001660025,0.024011823999899207
48,5,0.08720324500063725,0.02278179099994304,0.03557719600030396,0.022915006999028265
48,6,0.08930358399993565,0.022932924000997446,0.02487969600042561,0.02158056400003261
48,7,0.08838548199855722,0.022074444001191296,0.027247025000178837,0.02203885300150432
48,8,0.09150242800023989,0.02270779200080142,0.02713553499961563,0.022236635000808747
48,9,0.10398360299950582,0.022708673001034185,0.024004474000321352,0.022703000000547036
48,10,0.09802835499976936,0.02207297200038738,0.023931527000968345,0.022752311000658665
48,11,0.0904297659999429,0.021837690999745973,0.026754209999126033,0.022141686000395566
48,12,0.09116084699962812,0.022279188999164035,0.02473384199947759,0.02227434500127856
48,13,0.08826293300080579,0.022305297999992035,0.02395535199866572,0.021674199999324628
48,14,0.08989661600026011,0.022133215001304052,0.024538104999010102,0.02224882700102171
48,15,0.08951424899896665,0.02381063000029826,0.023937878999277018,0.021618184000544716
48,16,0.09027441400030511,0.02212056099961046,0.02529117699850758,0.022464522000518627
48,17,0.08926387000065006,0.023880331000327715,0.02399482600048941,0.023446332999810693
48,18,0.08838908899997477,0.021680224999727216,0.022902086999238236,0.021606321999570355
48,19,0.09099017699918477,0.02296107700021821,0.02231469499929517,0.021877960998608614
48,20,0.0893273190013133,0.021276157000102103,0.022127152999019017,0.02194144100030826
48,21,0.08999856699847442,0.021057637000922114,0.02315177499986021,0.02240471999903093
48,22,0.08845729800123081,0.02133856500040565,0.022457562999989023,0.022757832000934286
48,23,0.08939966400066623,0.02071145900117699,0.022817667999333935,0.02247699500003364
48,24,0.08920656200098165,0.02120201899924723,0.022738539999409113,0.022052758999052458
48,25,0.09097751300032542,0.02139626299867814,0.028954456000064965,0.021413209999082028
48,26,0.09573875200112525,0.021541095000429777,0.02269275400067272,0.022119493998616235
48,27,0.09484682899892505,0.02130432000012661,0.023072666001098696,0.021893189999900642
48,28,0.09682688200155098,0.021194984999965527,0.02315890799945919,0.022007974999723956
48,29,0.0934713799997553,0.02203863700015063,0.024746766001044307,0.022739006999472622
48,30,0.08934680499987735,0.02404489000036847,0.022436563998780912,0.023056462001477485
48,31,0.09395732099983434,0.02372067100077402,0.02276040099968668,0.022295554999800515
48,32,0.0906739940000989,0.02321483299965621,0.023280616000192822,0.022413094999137684
48,33,0.0917450530014321,0.025075822999497177,0.023723807998976554,0.021952290999252
48,34,0.09345653299897094,0.022414121000110754,0.022134467000796576,0.02197279900065041
48,35,0.10011999800008198,0.02433761900101672,0.022869574999276665,0.021877990999200847
48,36,0.0957179230008478,0.02236730399999942,0.021794499001771328,0.021360401000492857
48,37,0.10068750099890167,0.022190753001268604,0.021950161000859225,0.020661570999436663
48,38,0.10113033199922938,0.022011005001331796,0.021972514001390664,0.022132750000309898
48,39,0.10359121700093965,0.02145890100109682,0.022861751000164077,0.021614246999888564
48,40,0.09619871500035515,0.021826189000421437,0.022036303000277258,0.02198411099925579
48,41,0.10579711299942574,0.021859802000108175,0.0236551279995183,0.021092758999657235
48,42,0.09954934699999285,0.02182301299944811,0.021690334999220795,0.022141876999739907
48,43,0.0958061990004353,0.021948527999484213,0.022672615999908885,0.02274802400097542
48,44,0.09272225499989872,0.02274524199856387,0.022884033000082127,0.02272862800055009
49,0,0.7875424989997555,0.7660159120005119,0.7554432159995486,0.7983977120002237
49,1,0.08799601200007601,0.026778134999403846,0.024868935000995407,0.03322906999892439
49,2,0.08689981700081262,0.025613490999603528,0.0240899750006065,0.027387665999413002
49,3,0.08905784400121775,0.02801038599864114,0.02394112500041956,0.027976057999694603
49,4,0.08878039299997909,0.026213826999082812,0.02385649600000761,0.028523344999484834
49,5,0.08814441000140505,0.0239882129990292,0.022668268000415992,0.03115947000151209
49,6,0.09132920299998659,0.023243296000146074,0.022847074000310386,0.026041420998808462
49,7,0.09187219100022048,0.022170976000779774,0.02985142799843743,0.025594662000003154
49,8,0.08676637699863932,0.022762003000025288,0.024092228000881732,0.026778702998853987
49,9,0.08729528799995023,0.02208860199971241,0.02474918100051582,0.029482104000635445
49,10,0.08794204100013303,0.023379451000437257,0.02333951699984027,0.026297832000636845
49,11,0.08742247699956351,0.023507312000219827,0.022906094000063604,0.026068191000376828
49,12,0.08724016499945719,0.027597572001468507,0.022818969999207184,0.02673193600094237
49,13,0.08759370799998578,0.02572153399887611,0.022766360998502932,0.038314077000904945
49,14,0.08907043699946371,0.026307222000468755,0.03245854700071504,0.031488777000049595
49,15,0.08724606600117113,0.024258389999886276,0.026012679998530075,0.02673357799903897
49,16,0.09273710300112725,0.026053765999677125,0.023765325000567827,0.02434953699957987
49,17,0.09300837099908676,0.023019947999273427,0.021902182001213077,0.023337148000791785
49,18,0.09139148999929603,0.022935830000278656,0.025141586000245297,0.022536596999998437
49,19,0.09092026600046665,0.022764429000744713,0.02414789300019038,0.021631820000038715
49,20,0.09075507699890295,0.02212947799853282,0.022487910000563716,0.02200077199995576
49,21,0.09026188099960564,0.02213527899948531,0.022564603001228534,0.022051797999665723
49,22,0.09072757499961881,0.023452278999684495,0.02330820799943467,0.023267849001058494
49,23,0.0889588680001907,0.022018068999386742,0.021749806001025718,0.023150718998294906
49,24,0.08887988999958907,0.022829190000265953,0.034066723001160426,0.024369463999391883
49,25,0.08975855800053978,0.022803481999289943,0.02739554300023883,0.021483642000021064
49,26,0.0861583559999417,0.02285195300100895,0.026589680999677512,0.022261010000875103
49,27,0.08801870500064979,0.021706715000618715,0.03200769099930767,0.021688146000087727
49,28,0.08687116300097841,0.02253183199900377,0.028566850000061095,0.02257608100080688
49,29,0.08826762100034102,0.02327234099902853,0.026776923001307296,0.02212224899994908
49,30,0.09314693200030888,0.022805194999818923,0.025167945999783115,0.022500308999951812
49,31,0.09416390899968974,0.02227152500017837,0.02573238399963884,0.022111889998996048
49,32,0.08956826999929035,0.022658849999061204,0.025363021999510238,0.02205749899985676
49,33,0.08966840900029638,0.02153950200045074,0.02586485299980268,0.022631445001024986
49,34,0.09067687999959162,0.023152966999987257,0.028525420999358175,0.02235664900035772
49,35,0.0945852789991477,0.02207427400026063,0.038523461000295356,0.022300855000139563
49,36,0.0898699259996647,0.022767583999666385,0.0248692459990707,0.02400142400074401
49,37,0.08941621499980101,0.023509705000833492,0.024629887000628514,0.029013524999754736
49,38,0.09533755000120436,0.021844813998541213,0.02351538699986122,0.0240118439996877
49,39,0.09825571100009256,0.021615203000692418,0.023556272999485373,0.0236804830001347
49,40,0.08780458299952443,0.02248574599980202,0.022724503000063123,0.02312517099926481
49,41,0.087726075998944,0.022141089000797365,0.02309926700036158,0.023373566998998285
49,42,0.08700796899938723,0.021145052000065334,0.022340944000461604,0.024180549999073264
49,43,0.08619249000003038,0.021701506000681547,0.02376071700018656,0.027324938000674592
49,44,0.08914396500040311,0.02228156300043338,0.02334310399965034,0.031140151999352383
